Title,Price,Location_Category,Link,Brand,Condition,Description
17 INCH USED MONITOR ( without cable ),"Rs 5,500.00",MD Computers,https://mdcomputers.lk/product/dell-17-inch-used-monitor/,RANDOM BRAND,Used,"GOOD CONDITIONSCREEN SIZE – 17 INCHRANDOM BRAND ( LENOVO , SAMSUNG , I O DATA )WARRANTY – 03 MONTH"
HP P240VA 24 INCH FULL HD USED MONITOR ( without cables ),"Rs 15,500.00",MD Computers,https://mdcomputers.lk/product/hp-p240va-24-inch-full-hd-used-monitor-without-cables/,HP,Used,BRAND – HPMODEL – P240VASCREEN SIZE – 24 INCHPANAL TYPE – LEDRESOLUTION -1920 x 1080 Full HD (60Hz)WARRANTY – 03 MONTH
DELL P2422HE 24 INCH IPS FRAMELESS USED TYPE-C FHD MONITOR ( without cables ),"Rs 27,500.00",MD Computers,https://mdcomputers.lk/product/dell-p2422he-24-inch-ips-frameless-used-type-c-monitor-without-cables/,DELL,Used,BRAND – DELLMODEL – P2422HESCREEN SIZE – 23.8 INCHPANEL TYPE – IPSRESOLUTION – FULL HD (1080p) 1920 x 1080CONNECTIVITY – DISPLAYPortORT / HDMI / USB-C / RJ45 ETHERNET PORTREFRESH RATE – 60 HzWARRANTY – 03 MONTHWITHOUT CABLES CONTACT US MORE DETAILSLOCATION : Opposite Of NSB Bank Homagama
SAMSUNG 24 INCH IPS FRAMLESS – 75HZ USED MONITOR ( WITHOUT CABLE ),"Rs 22,000.00",MD Computers,https://mdcomputers.lk/product/samsung-24-inch-ips-framless-75hz-used-monitor-without-cable/,SAMSUNG,Used,"03 MONTH WARRANTYResolution1,920 x 1,080model number – F24T450FQEAspect Ratio16:9Brightness (Typical)250cd/m2cd/㎡Contrast Ratio Static1000:1(Typ)Response Time5(GTG)Refresh RateMax 75HzViewing Angle (H/V)178°/178°DisplayScreen Size (Class)24Flat / CurvedFlatActive Display Size (HxV) (mm)527.04 × 296.46 mmAspect Ratio16:9Panel TypeIPSBrightness (Typical)250cd/m2 cd/㎡Brightness (Min)200cd/m2 cd/㎡Contrast Ratio Static1000:1(Typ)Contrast Ratio (Dynamic)MegaResolution1,920 x 1,080Response Time5(GTG)Viewing Angle (H/V)178°/178°Color SupportMax 16.7MColor Gamut (NTSC 1976)72%Refresh RateMax 75HzGeneral FeatureEco Saving PlusYesEye Saver ModeYesFlicker FreeYesGame ModeYesImage SizeYesWindows CertificationWindows10FreeSyncYesOff Timer PlusYesHDMI-CECNoInterfaceWireless DisplayNoD-SubNoDVINoDual Link DVINoDisplay Port1 EADisplay Port Version1.2Display Port OutNoMini-Display PortNoHDMI2 EAHDMI Version1.4Audio InNoHeadphoneYesUSB Ports2USB Hub VersionUSB2.0x2USB-CNoUSB-C Charging PowerNoAudioSpeakerNoUSB Sound Bar (Ready)NoOperation ConditionsTemperature10℃~ 40℃Humidity10% ~ 80%, non-condensingDesignColourBLACKStand TypeHAS PIVOT (MORE THAN 100MM)HAS(Height Adjustable Stand)130.0mm(±2.0mm)Tilt-3.0˚(±2.0˚) ~ 25.0˚(±2.0˚)Swivel-45˚(±2.0˚) ~ 45(±2.0˚)PivotYesWall Mount100 x 100EcoEnergy Efficiency Class5Recycled PlasticOver 3%PowerPower SupplyAC 100~240VPower Consumption (Typ)22 WPower Consumption (DPMS)0.5WPower Consumption (Off Mode)0.3WPower Consumption (Yearly)82 kWh/yearTypeInternal PowerDimensionNet Dimension with Stand (WxHxD)539.2 x 370.9 x 224.0 mmNet Dimension without Stand (WxHxD)539.2 x 322.8 x 39.4 mmPackage Dimension (HxWxD)604 x 147 x 385 mm"
LENOVO THINKVISION 27 INCH IPS FHD HDMI USED MONITOR ( DELIVERY NOT AVAILABLE ),"Rs 27,500.00",MD Computers,https://mdcomputers.lk/product/lenovo-thinkvision-27-inch-led-fhd-used-monitor-delivery-not-available/,LENOVO,Used,BRAND – LENOVOINCH – 27 INCHMODEL – T27i – 10PANEL – IPSREFRESH RATE – 60HZRESOLUTION – FHDWARRANTY – 03 MONTHWITH OUT CABLES
ATEC 27 INCH FULL HD LED USED MONITOR ( without cables  ),"Rs 21,500.00",MD Computers,https://mdcomputers.lk/product/27-inch-full-hd-led-used-monitor/,HP,Used,BRAND – ATECPANAL TYPE – LEDRESOLUTION – 1080pREFRASH RATE – 60 HzPORT – HDMI / DVI / VGA03 MONTH WARRANTYWITHOUT CABLE
DELL P2714HC 27 INCH IPS LED USED MONITOR ( without cable ),"Rs 28,000.00",MD Computers,https://mdcomputers.lk/product/dell-p2714hc-27-inch-ips-led-used-monitor-without-cable/,DELL,Used,BRAND – DELLMODEL – P2714HCRESOLUTION – FULLHD 1080pREFRASH RATE – 60 HzWARRANTY – 03 MONTHPORTS – DVI / DP / VGAWITHOUT CABLES
DELL ULTRASHARP U2419H 24 INCH FULL HD IPS FRAMELESS USED MONITOR ( without cables ),"Rs 22,500.00",MD Computers,https://mdcomputers.lk/product/dell-ultrasharp-24-inch-full-hd-ips-frameless-used-monitor-without-cables/,DELL,Used,"BRAND – DELLMODEL – U2419HPANAL TECHNOLOGY – IPSSCREEN SIZE – 24 INCHREFRESH RATE – 60HzRESOLUTION – 1920 x 1200 PIXELSPORT – HDMI , DISPLAYPORT , USBWARRANTY – 3 MONTHWITHOUT CABLES"
LENOVO THINKVISION P24q-20  24″INCH WIDE 2K QHD IPS FRAMELESS HDMI USED MONITOR ( without cables ),"Rs 32,000.00",MD Computers,https://mdcomputers.lk/product/lenovo-thinkvision-p24q-20-24%e2%80%b3inch-wide-2k-qhd-ips-frameless-hdmi-used-monitor/,LENOVO,Used,WITH OUT CABLES03 MONTH WARRANTYDisplayPanel Size24 inchesResolution2560×1440Panel Type3-side NearEdgeless In-Plane SwitchingBacklightWLEDBrightness(typical)300 cd/m²Aspect Ratio16:9Refresh Rate60 HzResponse Time4ms (extreme mode) 6ms (normal mode)
DELL ULTRASHARP 30 INCH IPS HDMI USED MONITOR ( DILIVERY NOT AVAILABLE  ) WITH OUT CABLE,"Rs 34,500.00",MD Computers,https://mdcomputers.lk/product/dell-ultrasharp-30-inch-ips-hdmi-used-monitor-with-out-cable/,DELL,Used,"BRAND – DELLINCH – 30 INCHMODEL – U3014TPANEL – IPSREFRESH RATE – 60HZRESOLUTION – 2560 x 1600PORT – HDMI , DISPLAY , DVIWARRANTY – 03 MONTHWITH OUT CABLE"
19 INCH SQUARE USED MONITOR ( without cable ),"Rs 6,800.00",MD Computers,https://mdcomputers.lk/product/dell-19-inch-square-used-monitor/,ACER,Used,"BRAND – ACER / LENOVOSCREEN SIZE – 19 INCHPORT – DVI , VGA03 MONTH WARRANTY"
DELL 20 INCH WIDE LED HDMI USED MONITOR ( WITHOUT CABLES ),"Rs 10,500.00",MD Computers,https://mdcomputers.lk/product/dell-20-inch-wide-led-hdmi-used-monitor-without-cables/,DELL,Used,BrandDellScreen Size19.5 InchesResolutionHDAspect Ratio16:9Screen Surface Glossy MODEL – P2017HWARRANTY – 03 MONTH
SAMSUNG 32 INCH IPS HDMI 2K USED MONITOR ( DILIVERY NOT AVAILABLE ) WITH OUT CABLE,"Rs 39,000.00",MD Computers,https://mdcomputers.lk/product/samsung-32-inch-ips-hdmi-used-monitor-dilivery-not-available-with-out-cable/,SAMSUNG,Used,"BRAND – SAMSUNGINCH – 32 INCHMODEL NUMBER – LS32D85KTSNPANEL – IPSPORT – HDMI * 2 , DISPLAYWARRANTY – 03 MONTHWITH OUT CABLE"
DELL 20 INCH LED USED MONITOR-E2016H ( without cable ),"Rs 9,800.00",MD Computers,https://mdcomputers.lk/product/dell-20-inch-led-used-monitor-p2014ht/,DELL,Used,BrandDellScreen Size20 InchesResolutionHD+Aspect Ratio16:9Screen Surface DescriptionFlat 03 MONTH WARRANTY
DELL P2214HB 22 INCH FULL HD IPS LED SILVER LINE  MONITOR ( without cables ),"Rs 12,500.00",MD Computers,https://mdcomputers.lk/product/dell-22-inch-full-hd-led-silver-monitor-p2214hb/,DELL,Used,"BRAND – DELLMODEL – P2214HBRESOLUTION – 1920×1080 FULL HDREFRESH RATE – 60Hz SCREEN SIZE – 22 INCHDISPLAY TYPE – IPSCONNECTIVITY – DVI , VGA , DISPLAYPORT , USBWARRANTY – 03 MONTH WITHOUT CABLES"
I-O DATA 17 INCH USED MONITOR ( without cable ),"Rs 6,200.00",MD Computers,https://mdcomputers.lk/product/i-o-deta-17-inch-white-led-used-monitor/,I-O DETA,Used,I-O DETA BRAND17 INCHLED PANAL03 MONTH WARRANTY
HP 22 INCH FULL HD LED USED MONITOR ( without cables ),"Rs 11,500.00",MD Computers,https://mdcomputers.lk/product/hp-22-inch-full-hd-led-used-monitor-2/,HP,Used,BRAND – HPSCREEN SIZE – 22 INCHPANAL TYPE – FULL HD LEDPORTS – VGAREFRESH RATE – 60HzWARRANTY – 03 MONTH
HP ELITE E230T 23″INCH IPS TOUCH SCREEN USED MONITOR ( without cables ),"Rs 38,500.00",MD Computers,https://mdcomputers.lk/product/hp-elite-e230t-23%e2%80%b3inch-ips-touch-screen-used-monitor/,HP,Used,"Brand‎HPManufacturer‎HPSeries‎EliteDisplayColour‎Black and SilverItem Height‎31.2 CentimetersItem Width‎5.2 CentimetersStanding screen display size‎23 InchesScreen Resolution‎1920 x 1080Resolution‎1920×1080Product Dimensions‎52.1 x 5.2 x 31.2 cm; 4.9 KilogramsItem model number‎E230t 23-inchIncluded Components‎Monitor, AC Power Cord, VGA Cable, USB Cable, DisplayPort Cable and CD WITH OUT CABLES03 MONTH WARRANTY"
IIYAMA PROLITE B2283HS 22 INCH FULL HD LED WIDE SCREEN HDMI USED MONITOR ( without cables ),"Rs 13,500.00",MD Computers,https://mdcomputers.lk/product/liyama-prolite-b2283hs-22-inch-full-hd-led-wide-screen-hdmi-used-monitor-without-cables/,IIYAMA,Used,BRAND -IIYAMAMODEL – PROLITE B2283HSSCREEN SIZE – 22 INCHPANAL TECHNOLOGY – LEDRESOLUTION – FULL HD (1920 x 1080)REFRESH RATE – 60HzPORTS – VGA / HDMI / DISPLAYPORTWITHOUT CABLESWARRANTY – 03 MONTH
I-O DATA 24 INCH USED HDMI MONITOR ( without cable ),"Rs 15,000.00",MD Computers,https://mdcomputers.lk/product/i-o-deta-24-inch-used-hdmi-monitor-100-240v/,I-O DETA,Used,24 INCHHDMI / VGA / DVI50-60HzMODEL – MF244ED5B03 MONTH WARRANTY
TG 22 INCH FULL HD HDMI USED MONITOR ( without cables ),"Rs 12,500.00",MD Computers,https://mdcomputers.lk/product/tg-22-inch-full-hd-hdmi-used-monitor/,HKC,Used,BRAND – TGSCREEN SIZE – 22 INCHPANAL TYPE – LEDRESOLUTION – FULL HDPORT – HDMIWARRANTY – 03 MONTHWITHOUT CABLE
DELL P2414HB 24 INCH FULL HD IPS USED SILVER LINE MONITOR ( without cable ),"Rs 13,500.00",MD Computers,https://mdcomputers.lk/product/dell-24-inch-ips-used-monitor-p2414hb/,DELL,Used,"BRAND – DELLMODEL – P2414HBRESOLUTION – 1920×1080REFRESH RATE – 60Hz SCREEN SIZE – 24 INCHDISPLAY TYPE – IPSCONNECTIVITY – DVI, VGA, DP, USBWARRANTY – 03 MONTH WITHOUT CABLES"
DELL 23 INCH WIDE SCREEN IPS LED HDMI USED MONITOR ( without cable ),"Rs 14,000.00",MD Computers,https://mdcomputers.lk/product/23-inch-dell-wide-led-hdmi-used-monitor-p2317h/,DELL,Used,Brand – DellScreen Size – 243 InchesModel – p2317hbResolution – FHD 1080pAspect Ratio – 16:9Screen Surface Description – GlossyDP/HDMI/VGA/3X USB03 MONTH WARRANTYWITHOUT CABLES
DELL 24 INCH IPS HDMI USED MONITOR ( WITHOUT CABLES ),"Rs 15,000.00",MD Computers,https://mdcomputers.lk/product/dell-24-inch-wide-led-hdmi-used-monitor-p2417h/,DELL,Used,"brand – dellinch – 24 inchport – HDMI, DisplayPort, VGA 03 MONTH WARRANTY"
HP E232  – 23 INCH WIDE SCREEN IPS USED MONITOR ( without cables ),"Rs 12,500.00",MD Computers,https://mdcomputers.lk/product/hp-e232-23-inch-wide-screen-ips-used-monitor/,HP,Used,"BRAND – HPINCH – 23 INCHPANEL – IPSPORT – HDMI , DISPLAY PORT , VGAMODEL – E232REFRESH RATE – 1920 x 1080 FHD @ 60HzWITHOUT CABLES03 MONTH WARRANTY"
DELL P2314HT 23 INCH FULL HD IPS WIDE SCREEN USED MONITOR ( without cable ),"Rs 12,900.00",MD Computers,https://mdcomputers.lk/product/dell-p2314hc-23-inch-screen-led-lit-monitor/,DELL,Used,BRAND – DELLMODEL – P2314HTPANEL TYPE – IPSSCREEN SIZE – 23 INCHRESOLUTION – 1920 x 1080 (Full HD)REFRESH RATE – 60 HzCONNECTIVITY – DISPLAYPORTS / VGA / DVIWARRANTY – 03 MONTHWITHOUT CABLE
HP 22 INCH IPS FRAMLESS USED MONITOR  (WITHOUT CABLES ),"Rs 15,500.00",MD Computers,https://mdcomputers.lk/product/hp-22-inch-ips-framless-used-monitor-without-cables/,HP,Used,"BRAND – HPINCH – 22 INCHPANEL – IPSPORT – HDMI , DP , VGAMODEL – E22303 MONTH WARRANTY"
SAMSUNG 22 INCH IPS FRAMLESS – 75HZ USED MONITOR ( WITHOUT CABLE ),"Rs 16,000.00",MD Computers,https://mdcomputers.lk/product/samsung-22-inch-ips-framless-75hz-used-monitor-without-cable/,SAMSUNG,Used,BRAND – SAMSUNGMODEL – F22T450FQEDISPLAY SIZE – 22 INCHPANAL TYPE – FULL HD IPSRESOLUTION – 1920×1080REFRASH RATE – 75 HzWARRANTY – 03 MONTH
HP 23 INCH FULL HD IPS FRAMELESS USED MONITOR ( without cables ),"Rs 17,500.00",MD Computers,https://mdcomputers.lk/product/hp-23-inch-full-hd-ips-frameless-used-monitor-without-cables-2/,HP,Used,BRAND – HPMODEL – Z23NDISPLAY SIZE – 23 INCHPANAL TYPE – FULL HD IPSRESOLUTION – 1920×1080REFRASH RATE – 60 HzWARRANTY – 03 MONTHPORTS – HDMI / DP / VGA
HP 23 INCH Z23NG2 FULL HD IPS FRAMELESS USED MONITOR ( without cables ),"Rs 19,000.00",MD Computers,https://mdcomputers.lk/product/hp-23-inch-full-hd-ips-frameless-used-monitor-without-cables/,HP,Used,BRAND – HPMODEL – Z23NG2DISPLAY SIZE – 23 INCHPANAL TYPE – FULL HD IPSRESOLUTION – 1920×1080REFRASH RATE – 60 HzWARRANTY – 03 MONTHPORTS – HDMI / DP / VGA
HP 24 INCH IPS FRAMELESS USED SILVER MONITOR ( E243 )( without cable ),"Rs 21,000.00",MD Computers,https://mdcomputers.lk/product/hp-24-inch-ips-frameless-used-silver-monitor-e243/,AOC,Used,"Brand – HPMODEL – E243SCREEN SIZE – 24 INCHModel – EliteDisplay E243PANAL TYPE – IPSPorts – VGA, DISPLAYPORT, HDMIWARRANTY – 03 MONTH"
24 INCH LENOVO THINKVISION  WIDE SCREEN FHD USED MONITOR ( without cable ),"Rs 23,000.00",MD Computers,https://mdcomputers.lk/product/lenovo-thinkvision-t24i-10-23-8-inch-wide-fhd-ips-used-monitor/,LENOVO,Used,BrandLenovoScreen size60.45ResolutionFHD 1080pAspect ratio16:9Screen surface descriptionFlatImage contrast ratio1000:103 MONTH WARRANTY
DELL 24 INCH LED HDMI USED MONITOR,"Rs 17,500.00",MD Computers,https://mdcomputers.lk/product/dell-24-inch-led-hdmi-used-monitor/,DELL,Used,BRAND – DELLINCH – 24 INCHMODEL – E2422HSSCREEN FINISH – GLOSSYRESOLUTION – FHD 1080PDISPLAY TYPE – LEDWARRANTY – 03 MONTH
DELL P2416DB 24 INCH LED USED MONITOR ( without cable ),"Rs 23,000.00",MD Computers,https://mdcomputers.lk/product/dell-p2416db-24-inch-led-used-monitor-without-cable/,DELL,Used,BRAND – DELLMODEL – P2416DBDISPLAY SIZE – 23.8 INCHPANAL TYPE – IPS (In-Plane Switching) WITH LED BACKLIGHTRESOLUTION – QHD \(2560 \times 1440\)REFRASH RATE – 60 HzWARRANTY – 03 MONTHPORTS – VGA
DELL 24INCH FHD 1080P FRAMLESS IPS USED MONITOR ( without cable ),"Rs 20,500.00",MD Computers,https://mdcomputers.lk/product/dell-ultrasharp-u2414h-23-8-inch-screen-fhd-1080p-led-used-monitor/,DELL,Used,"BrandDellScreen Size24 InchesResolutionFHD 1080pAspect Ratio1.78:1Screen Surface DescriptionGlossy Diagonally Viewable Size: 60.47 cm / 23.8 Inch (31.5-inch wide viewable image size)Aspect Ratio: Widescreen (16:9)Panel Type, Surface: In-plane switching, anti glare with hard coat 3HOptimal resolution: 1920 x 1080 at 60HzContrast Ratio- 1000:1 (typical), 2 Million:1 (Max) (Dynamic Contrast Ratio)To correctly check for light leakage, please view panel in room with at least 75 lux ambient lighting03 month warranty"
HP ELITE 24 INCH IPS FRAMELESS ROTETABLE USED MONITOR ( E24 G4 ),"Rs 23,500.00",MD Computers,https://mdcomputers.lk/product/hp-elite-e24-g4-2022-24-ips-frameless-used-monitor/,HP,Used,"HP EliteDisplay E24 G4 24 inch Monitor Interfaces Supported: 1 x HDMI , 1 x DisplayPort, 1 x USB Type-B, 4 x USB Type-A 3.2 Standard Contrast Ratio: 1000:1 Maximum Resolution Supported: 1920 x 1080 Response Time: 5 ms (fast) Screen Mode: FHD Brightness: 250 Nit Input Power: 100 – 240 VAC Dimensions: (W x D x H): 24.08 x 1.85 x 14.31 inch Display Features: HP Eye Ease blue light filter, USB Hub, Pivot Rotation, Height Adjustable, Vesa Mount Compatible, Anti-glare, In plane switching, LED Backlights, Language Selection, On-screen controls, Energy Star Certified03 month warranty( without cable )"
DELL 27 INCH 2K FRAMELESS IPS USED MONITOR  ( DELIVERY NOT AVAILABLE ),"Rs 34,500.00",MD Computers,https://mdcomputers.lk/product/dell-up2716d-27-inch-2k-monitor/,DELL,Used,BrandDellScreen Size27 InchesResolutionQHD Wide 1440pAspect RatioUnknownScreen Surface DescriptionGlossyLED PANAL 2K MODEL U2715HC WITH OUT CABLE 03 MONTH WARRANTY
HP 22 INCH P22H G4 IPS BRAND NEW MONITOR ( 01 YEAER WARRANTY ),"Rs 27,000.00",MD Computers,https://mdcomputers.lk/product/hp-22-inch-p22h-g4-ips-brand-new-monitor-01-yeaer-warranty/,HP,Used,"Panel Type: IPS (In-Plane Switching)Screen Size: 21.5-inch diagonalResolution: FHD (1920 x 1080 @ 60 Hz or 75Hz)Aspect Ratio: 16:9Brightness: 250 cd/m² (nits)Contrast Ratio: 1000:1 static; 8,000,000:1 dynamicResponse Time: 5 ms GtG (Gray to Gray)Viewing Angle: 178° horizontal/vertical Input Types: 1 x HDMI 1.4, 1 x DisplayPort™ 1.2, 1 x VGAErgonomics: Height adjustable (100 mm), Pivot (±90°), Swivel (±360°), Tilt (-5 to +25°)Features: Anti-glare, Low blue light mode, VESA mount compatible (100mm)Dimensions (W x D x H): 49.73 x 4.59 x 30.11 cm (without stand)Weight: 4.14 kg (with stand)Model Year: 2020Security: Security lock-readyPower: 100-240 VAC input, internal power supply"
LENOVO THINKVISION P24q-30 24″INCH  2K WQHD MONITOR – WITH BOX ( 01 year warranty ),"Rs 37,000.00",MD Computers,https://mdcomputers.lk/product/lenovo-thinkvision-p24q-30-24%e2%80%b3inch-2k-wqhd-brand-new-monitor-01-year-warranty/,LENOVO,Used,"01 YEAR WARRANTYLCD Monitor is reliable and offers convenient usage23.8″ viewable screen size provides a spectacular viewing experience4 ms Extreme Mode response time diminishes ghosting, blurring, and streaking in fast-moving games and moviesFurnishes captivating visuals with 300 Nit brightness levelsExperience a new level of viewing pleasure with Wide Quad High Definition (WQHD) that features 4 times the resolution of standard HDWLED backlight technology for enhanced visual clarity2560 x 1440 maximum resolution for stunning, lively result with optimal viewing usability60 Hz standard refresh rate reduces blur to ensure maximum efficiency16:9 widescreen resolution perfect for watching movies, playing video games and getting on with office workFeatures HDMI input to get connected with the top of the line PCs, Blu-ray players, and cutting edge gaming consoles"
AOC C32G2ZE 32 INCH FHD  CURVED USED GAMING MONITOR ( DELIVERY NOT AVAILABLE ),"Rs 39,500.00",MD Computers,https://mdcomputers.lk/product/aoc-c32g2ze-32-inch-fhd-curved-used-gaming-monitor/,AOC,Used,BRAND – AOCMODEL – C32G2ZESCREEN SIZE – 32 INCHRESOLUTION – FULL HD ( 1920×1080 )PANEL TYPE – VACURVATURE – 1500RREFRESH RATE – 240HzCONNECTIVITY – 2x HDMI / 1x DISPLAYPORT / AUDIO OUTWITHOUT CABLES 03 MONTH WARRANTY
DELL ULTRASHAP U2424HE – 24 INCH FULL HD IPS FRAMELESS 120Hz USED MONITOR ( without cable ),"Rs 28,500.00",MD Computers,https://mdcomputers.lk/product/dell-ultrashap-u2422he-24-inch-full-hd-ips-frameless-120hz-used-monitor-without-cable/,DELL,Used,BRAND – DELLMODEL – ULTRASHAP U2424HERESOLUTION – FULL HD (1920 x 1080)REFRESH RATE – 120HzPANAL TECHNOLOGY – IPSSCREEN SIZE – 24 INCHESPORTS – HDMI / DP / USB-CWITHOUT CABLESWARRANTY – 03 MONTH
DELL ULTRASHARP 24 INCH IPS FRAMELESS TYPE C USED MONITOR ( without cables ),"Rs 29,500.00",MD Computers,https://mdcomputers.lk/product/dell-ultrasharp-24-inch-ips-frameless-used-monitor-without-cables/,DELL,Used,BRAND – DELLMODEL – U2422HSCREEN SIZE – 24 INCHPANEL TYPE – IPSCONNECTIVITY – HDMI / TYPE CWITHOUT CABLEWARRANTY – 03 MONTH
HP 24 INCH P24h G4 IPS BRAND NEW MONITOR ( 01 YEAER WARRANTY ),"Rs 32,000.00",MD Computers,https://mdcomputers.lk/product/hp-24-inch-p24h-g4-ips-brand-new-monitor-01-yeaer-warranty/,HP,Used,"Panel Type: IPS (In-Plane Switching) with LED backlightScreen Size: 23.8-inch diagonal (viewable)Native Resolution: Full HD (1920 x 1080) at 60 Hz or 75 HzAspect Ratio: 16:9Brightness: 250 nits (cd/m²)Contrast Ratio: 1000:1 static, 8,000,000:1 dynamicResponse Time: 5 ms (GTG with overdrive) or 14 ms (typical)Viewing Angle: 178° horizontal, 178° verticalPixel Pitch: 0.2745 mm HDMI: 1 x HDMI 1.4 portDisplayPort: 1 x DisplayPort 1.2 portVGA: 1 x VGA (D-Sub) portAudio: 3.5mm Audio-in, Dual 2W built-in speakersHDCP Support: Yes (for HDMI and DisplayPort)"
DELL ULTRASHAP U2422HE – 24 INCH FULL HD IPS FRAMELESS 75Hz USED MONITOR ( without cable ),"Rs 26,500.00",MD Computers,https://mdcomputers.lk/product/dell-24-inch-ultrashap-ips-full-hd-used-monitor-without-cable/,DELL,Used,BRAND – DELLMODEL – ULTRASHAP U2414HERESOLUTION – FULL HD (1920 x 1080)REFRESH RATE – 75HzPANAL TECHNOLOGY – IPSSCREEN SIZE – 24 INCHESPORTS – HDMI / DP / USB-CWITHOUT CABLESWARRANTY – 03 MONTH
SAMSUNG 32 INCH IPS HDMI 4K USED MONITOR – WITH POWERPACK ( DILIVERY NOT AVAILABLE ),"Rs 45,000.00",MD Computers,https://mdcomputers.lk/product/samsung-32-inch-ips-hdmi-4k-used-monitor-with-powerpack-dilivery-not-available/,SAMSUNG,Used,"BRAND – SAMSUNGSIZE – 32 INCHPANEL – IPSMODEL – LU32J592UQKXKRREFRESH RATE – 60HZPORT – HDMI* 2 , DISPLAYWARRANTY – 03 MONTH"
HKC MG32K2Q 32 INCH QWD 2K USED MONITOR ( DELIVERY NOT AVAILABLE ),"Rs 49,000.00",MD Computers,https://mdcomputers.lk/product/hkc-mg32k2q-32-inch-qwd-2k-used-monitor-without-cables/,HKC,Used,"Display: 31.5″ / 80cm VA Panel, 1500R Curved, Anti-GlareResolution: QHD (2560×1440) @ 144Hz Refresh Rate: 144Hz (Overclockable to 170Hz on some variants)Response Time: 1ms (MPRT)Brightness: ~300 cd/m² (Nits)Color: 16.7 Million Colors, 90% DCI-P3 GamutContrast: 3000:1 (Typical)Features: FreeSync/G-Sync Compatible, Flicker-Free, Low Blue Light ModeConnectivity: 1x DisplayPort, 2x HDMI (1.4 & 2.0 versions)Audio: Audio Out 03 MONTH WARRANTYWITHOUT CABLES"
