brand,model,variant,fuel_type,model_year,mean,median,min,max,observed_count
Daihatsu,Atrai,RS Turbo Buddy,Petrol,2023,8690000,8690000,8690000,8690000,1
Daihatsu,Atrai,Standard,Petrol,2014,5990000,5990000,5990000,5990000,2
Daihatsu,Atrai,Standard,Petrol,2016,5491667,5500000,5475000,5500000,3
Daihatsu,Atrai,Standard,Petrol,2017,5800000,5800000,5800000,5800000,1
Daihatsu,Atrai,Standard,Petrol,2018,5970000,5970000,5950000,5990000,2
Daihatsu,Atrai,Standard,Petrol,2020,5945000,5945000,5500000,6390000,2
Daihatsu,Atrai,Standard,Petrol,2023,8690000,8690000,8690000,8690000,1
Daihatsu,Atrai,Wagon,Petrol,2016,6600000,6600000,6600000,6600000,2
Daihatsu,Atrai,Wagon,Petrol,2017,5940000,5940000,5940000,5940000,1
Daihatsu,Hijet,Standard,Petrol,1999,3023846,2975000,2675000,3650000,13
Daihatsu,Hijet,Standard,Petrol,2000,3296000,3200000,3190000,3500000,5
Daihatsu,Hijet,Standard,Petrol,2001,3396250,3397500,3290000,3500000,4
Daihatsu,Hijet,Standard,Petrol,2003,2818750,2775000,2250000,3475000,4
Daihatsu,Hijet,Standard,Petrol,2004,3003333,2750000,2670000,3590000,3
Daihatsu,Hijet,Standard,Petrol,2005,3689000,3550000,3375000,4075000,5
Daihatsu,Hijet,Standard,Petrol,2007,4292333,4325000,3800000,4675000,15
Daihatsu,Hijet,Standard,Petrol,2008,4332500,4332500,4290000,4375000,2
Daihatsu,Hijet,Standard,Petrol,2011,4755000,4775000,4400000,5090000,3
Daihatsu,Hijet,Standard,Petrol,2012,4741667,4875000,4100000,5100000,6
Daihatsu,Hijet,Standard,Petrol,2013,4655000,4695000,4575000,4695000,3
Daihatsu,Hijet,Standard,Petrol,2014,5136667,5150000,4890000,5500000,9
Daihatsu,Hijet,Standard,Petrol,2015,5242222,5285000,4650000,5890000,9
Daihatsu,Hijet,Standard,Petrol,2016,5474000,5425000,5090000,5950000,10
Daihatsu,Hijet,Standard,Petrol,2019,6391667,6500000,5475000,7200000,3
Daihatsu,Hijet,Standard,Petrol,2023,7370000,7370000,6850000,7890000,2
Daihatsu,Hijet,Standard,Petrol,2024,7483333,7380000,7250000,7820000,3
Daihatsu,S200,Standard,Petrol,1999,3287500,3287500,3200000,3375000,2
Daihatsu,S200,Standard,Petrol,2000,3200000,2962500,2875000,4200000,6
Daihatsu,S200,Standard,Petrol,2002,3000000,3000000,3000000,3000000,3
Daihatsu,S200V,Standard,Petrol,2004,3500000,3500000,3500000,3500000,2
Isuzu,Fargo,Standard,Diesel,1983,1438333,1650000,750000,1915000,3
Isuzu,Fargo,Standard,Diesel,1985,2150000,2325000,1300000,2650000,4
Isuzu,Fargo,Standard,Diesel,1986,2166000,2385000,1185000,2600000,5
Isuzu,Fargo,Standard,Diesel,1987,1825000,1825000,500000,3150000,2
Isuzu,Fargo,Standard,Diesel,1988,2422500,2375000,2350000,2590000,4
Isuzu,Fargo,Standard,Diesel,1989,2385000,2475000,1980000,2700000,3
Isuzu,Fargo,Standard,Diesel,1990,2598000,2675000,2265000,2700000,5
Isuzu,Fargo,Standard,Diesel,1991,2391667,2950000,850000,3375000,3
Isuzu,Fargo,Standard,Diesel,1993,2840000,2600000,2350000,3950000,10
Isuzu,Fargo,Standard,Diesel,1994,3687500,3725000,3450000,3850000,4
Mazda,Bongo,Standard,Diesel,1983,2750000,2750000,2750000,2750000,2
Mazda,Bongo,Standard,Diesel,1987,3525000,3525000,3450000,3600000,2
Mazda,Bongo,Standard,Diesel,1988,3230000,3250000,2550000,4000000,5
Mazda,Bongo,Standard,Diesel,1990,3450000,3450000,3400000,3500000,2
Mazda,Bongo,Standard,Diesel,1991,3433333,3550000,2750000,4000000,3
Mazda,Bongo,Standard,Diesel,1993,3456667,3350000,3150000,3870000,3
Mazda,Bongo,Standard,Diesel,1994,3835714,3725000,3475000,4500000,7
Mazda,Bongo,Standard,Diesel,1995,10758889,3875000,3200000,35500000,9
Mazda,Bongo,Standard,Diesel,1996,4340000,4175000,4000000,5100000,5
Mazda,Bongo,Standard,Diesel,1997,4625000,4550000,4500000,4825000,3
Mazda,Bongo,Standard,Diesel,1998,4600000,4625000,4300000,4850000,8
Mazda,Bongo,Standard,Diesel,1999,5216250,5287500,3790000,6500000,4
Mazda,Bongo,Standard,Diesel,2000,5250000,4300000,3950000,7500000,3
Mazda,Bongo,Standard,Diesel,2001,5566667,5950000,4750000,6000000,3
Mazda,Bongo,Standard,Diesel,2002,5920000,6100000,4200000,7550000,5
Mazda,Bongo,Standard,Diesel,2003,4850000,4850000,4850000,4850000,1
Mazda,Bongo,Standard,Diesel,2005,6850000,6850000,6850000,6850000,1
Mazda,Bongo,Standard,Diesel,2006,6234091,6500000,5200000,7000000,11
Mazda,Bongo,Standard,Diesel,2007,6508333,6500000,5925000,7200000,9
Mazda,Bongo,Standard,Diesel,2008,6950000,6700000,6650000,7500000,3
Mazda,Bongo,Standard,Diesel,2009,7450000,7450000,7450000,7450000,1
Mazda,Bongo,Standard,Diesel,2010,7300000,7300000,7300000,7300000,1
Mazda,Bongo,Standard,Diesel,2011,7650000,7650000,7300000,8000000,2
Mazda,Bongo,Standard,Diesel,2015,7300000,7300000,7300000,7300000,1
Mazda,Bongo,Standard,Petrol,1994,3150000,3150000,3150000,3150000,1
Mazda,Bongo,Standard,Petrol,1999,5300000,5300000,5300000,5300000,1
Mazda,Bongo,Standard,Petrol,2003,5850000,5850000,5850000,5850000,1
Mazda,Bongo,Standard,Petrol,2005,6437500,6437500,6300000,6575000,2
Mazda,Bongo,Standard,Petrol,2007,7200000,7200000,6550000,7850000,2
Mazda,Bongo,Standard,Petrol,2008,5750000,5750000,5650000,5850000,3
Mazda,Bongo,Standard,Petrol,2009,6400000,6400000,6400000,6400000,1
Mazda,Bongo,Standard,Petrol,2010,6400000,6400000,6400000,6400000,1
Mazda,Bongo,Standard,Petrol,2011,7375000,7375000,7375000,7375000,1
Mazda,Bongo,Standard,Petrol,2015,7700000,7700000,7700000,7700000,1
Mazda,Brawny,Standard,Diesel,1985,3512500,3512500,3250000,3775000,2
Mazda,Brawny,Standard,Diesel,1986,3887500,3887500,3825000,3950000,2
Mazda,Brawny,Standard,Diesel,1990,3487500,3487500,3400000,3575000,2
Mazda,Brawny,Standard,Diesel,1991,3954000,3800000,3175000,4800000,5
Mazda,Brawny,Standard,Diesel,1992,4537500,4537500,4225000,4850000,2
Mazda,Brawny,Standard,Diesel,1993,4506250,4625000,3900000,4875000,4
Mazda,Brawny,Standard,Diesel,1994,4250000,4250000,3850000,4650000,2
Mazda,Brawny,Standard,Diesel,1995,4820833,4675000,4100000,6000000,6
Mazda,Brawny,Standard,Diesel,1996,5983333,6000000,5950000,6000000,3
Mazda,Brawny,Standard,Diesel,1997,5538750,5375000,4655000,6750000,4
Mazda,Brawny,Standard,Diesel,1998,4887500,4887500,4275000,5500000,2
Mazda,Brawny,Standard,Diesel,1999,4933333,4500000,4500000,5800000,3
Mazda,Brawny,Standard,Diesel,2000,6225000,6225000,5500000,6950000,2
Mazda,Brawny,Standard,Petrol,1994,4150000,4150000,4150000,4150000,1
Mazda,Scrum,Standard,Petrol,2004,3995000,3995000,3990000,4000000,2
Mazda,Vanette,Standard,Diesel,1994,4250000,4250000,4250000,4250000,2
Mazda,Vanette,Standard,Diesel,2006,6500000,6500000,6500000,6500000,2
Mazda,Vanette,Standard,Diesel,2007,6125000,6125000,5400000,6850000,2
Mazda,Vanette,Standard,Diesel,2010,6475000,6475000,6475000,6475000,1
Mazda,Vanette,Standard,Petrol,2006,6125000,6125000,6125000,6125000,1
Mazda,Vanette,Standard,Petrol,2010,6250000,6250000,6250000,6250000,1
Mitsubishi,Delica,Closed,Diesel,1982,1250000,1250000,1250000,1250000,1
Mitsubishi,Delica,L300,Diesel,1981,1150000,1150000,1150000,1150000,1
Mitsubishi,Delica,L300,Diesel,1983,1250000,1250000,1250000,1250000,1
Mitsubishi,Delica,L300,Petrol,1981,1275000,1275000,1275000,1275000,1
Mitsubishi,Delica,L300,Petrol,1984,1350000,1350000,1350000,1350000,1
Mitsubishi,Delica,L300,Petrol,1986,1415000,1415000,1200000,1630000,2
Mitsubishi,Delica,PO5,Petrol,1999,2450000,2450000,2450000,2450000,2
Mitsubishi,Delica,Po15,Diesel,1998,4500000,4500000,4500000,4500000,1
Mitsubishi,Delica,Standard,Diesel,1980,1310000,1390000,1150000,1390000,3
Mitsubishi,Delica,Standard,Diesel,1981,1200000,1200000,1200000,1200000,1
Mitsubishi,Delica,Standard,Diesel,1983,1400000,1400000,1400000,1400000,1
Mitsubishi,Delica,Standard,Diesel,1984,1400000,1400000,1400000,1400000,2
Mitsubishi,Delica,Standard,Diesel,1986,2150000,2150000,2150000,2150000,1
Mitsubishi,Delica,Standard,Diesel,1998,4700000,4700000,4700000,4700000,1
Mitsubishi,Delica,Standard,Petrol,1980,1007000,975000,910000,1200000,5
Mitsubishi,Delica,Standard,Petrol,1982,825000,825000,825000,825000,1
Mitsubishi,Delica,Standard,Petrol,1986,1600000,1600000,1600000,1600000,1
Mitsubishi,Delica,T120,Petrol,1980,1000000,1000000,1000000,1000000,1
Mitsubishi,L300,Delica,Diesel,1986,500000,500000,500000,500000,1
Mitsubishi,L300,Delica,Petrol,1983,1475000,1475000,1475000,1475000,1
Mitsubishi,L300,Delica PO5,Petrol,1990,2725000,2725000,2725000,2725000,1
Mitsubishi,L300,PO15,Diesel,2013,8200000,8200000,8200000,8200000,1
Mitsubishi,L300,PO5,Petrol,1990,2650000,2650000,2650000,2650000,1
Mitsubishi,L300,Standard,Diesel,1980,5882500,1525000,980000,19500000,4
Mitsubishi,L300,Standard,Diesel,1981,1335000,1335000,1320000,1350000,2
Mitsubishi,L300,Standard,Diesel,1982,1325000,1325000,1325000,1325000,1
Mitsubishi,L300,Standard,Diesel,1983,1298000,1400000,1025000,1490000,5
Mitsubishi,L300,Standard,Diesel,1984,1588071,1574000,1075000,2050000,14
Mitsubishi,L300,Standard,Diesel,1985,3011429,1250000,980000,13500000,7
Mitsubishi,L300,Standard,Diesel,1986,1281250,1225000,1100000,1575000,4
Mitsubishi,L300,Standard,Diesel,1988,1308333,1300000,1175000,1450000,3
Mitsubishi,L300,Standard,Diesel,1990,1190000,1190000,1190000,1190000,1
Mitsubishi,L300,Standard,Diesel,1993,1050000,1050000,1050000,1050000,1
Mitsubishi,L300,Standard,Diesel,1998,2050000,2050000,1500000,2600000,2
Mitsubishi,L300,Standard,Diesel,2013,7275000,7275000,7275000,7275000,1
Mitsubishi,L300,Standard,Petrol,1980,1350000,1150000,950000,2150000,4
Mitsubishi,L300,Standard,Petrol,1981,1342500,1325000,1150000,1575000,6
Mitsubishi,L300,Standard,Petrol,1982,1405000,1355000,1050000,1800000,6
Mitsubishi,L300,Standard,Petrol,1983,1463571,1500000,1050000,1675000,7
Mitsubishi,L300,Standard,Petrol,1984,1250000,1250000,1175000,1325000,2
Mitsubishi,L300,Standard,Petrol,1985,1181667,1250000,795000,1500000,3
Mitsubishi,L300,Standard,Petrol,1986,1260000,1350000,1050000,1375000,5
Mitsubishi,L300,Standard,Petrol,1993,600000,600000,600000,600000,1
Mitsubishi,L300,Standard,Petrol,1998,990000,990000,990000,990000,1
Mitsubishi,L400,SPACE GEAR,Diesel,1997,5875000,5875000,5875000,5875000,1
Mitsubishi,L400,Space Gear,Diesel,1997,5200000,5200000,5200000,5200000,1
Mitsubishi,L400,Standard,Diesel,1995,4291667,4385000,2990000,5500000,3
Mitsubishi,L400,Standard,Diesel,1997,6200000,6200000,6200000,6200000,1
Mitsubishi,Minicab,Standard,Gas,1999,3500000,3500000,3500000,3500000,1
Mitsubishi,Minicab,Standard,Petrol,1999,3459091,3500000,2540000,3885000,11
Mitsubishi,Minicab,Standard,Petrol,2000,3338333,3390000,3175000,3450000,3
Mitsubishi,Minicab,Standard,Petrol,2001,3516667,3400000,3400000,3750000,3
Mitsubishi,Minicab,Standard,Petrol,2003,5812500,2937500,2200000,20950000,6
Mitsubishi,Minicab,Standard,Petrol,2004,3825000,3825000,3500000,4150000,2
Mitsubishi,Minicab,Standard,Petrol,2006,4400000,4350000,4250000,4600000,3
Mitsubishi,Minicab,Standard,Petrol,2007,4226154,4250000,3975000,4700000,13
Mitsubishi,Minicab,Standard,Petrol,2008,4250000,4250000,3950000,4550000,2
Mitsubishi,Minicab,Standard,Petrol,2010,4612500,4612500,4550000,4675000,2
Mitsubishi,Minicab,Standard,Petrol,2011,3491667,3850000,1675000,4950000,3
Mitsubishi,Minicab,Standard,Petrol,2012,4817500,4817500,4650000,4985000,2
Mitsubishi,Minicab,Standard,Petrol,2014,5165000,5215000,4750000,5480000,6
Mitsubishi,Minicab,Standard,Petrol,2015,5663333,5950000,5090000,5950000,3
Mitsubishi,Minicab,Standard,Petrol,2017,5137500,5137500,4975000,5300000,2
Mitsubishi,Po15,Standard,Diesel,1991,3175000,3175000,2400000,3950000,2
Mitsubishi,Po15,Standard,Diesel,1998,3700000,3700000,2650000,4750000,2
Mitsubishi,Po15,Standard,Diesel,2011,6725000,6550000,6475000,7150000,3
Mitsubishi,Po15,Standard,Diesel,2014,7500000,7500000,6800000,8200000,2
Mitsubishi,Po15,Standard,Petrol,2000,4200000,4200000,4200000,4200000,2
Mitsubishi,Po5,Delica,Diesel,1990,3300000,3300000,3300000,3300000,1
Mitsubishi,Po5,Delica L300,Diesel,1996,4450000,4450000,4450000,4450000,1
Mitsubishi,Po5,P25,Diesel,1990,3950000,3950000,3950000,3950000,1
Mitsubishi,Po5,Standard,Diesel,1986,3175000,3175000,3000000,3350000,2
Mitsubishi,Po5,Standard,Diesel,1987,2950000,3000000,2750000,3100000,3
Mitsubishi,Po5,Standard,Diesel,1988,3565000,3565000,3450000,3680000,2
Mitsubishi,Po5,Standard,Diesel,1989,3100000,3100000,3050000,3150000,2
Mitsubishi,Po5,Standard,Diesel,1990,3598333,3950000,2895000,3950000,3
Mitsubishi,Po5,Standard,Diesel,1991,3781250,3737500,3650000,4000000,4
Mitsubishi,Po5,Standard,Diesel,1992,3962500,3962500,3675000,4250000,2
Mitsubishi,Po5,Standard,Diesel,1996,3800000,3800000,3775000,3825000,2
Mitsubishi,Po5,Standard,Diesel,1999,4600000,4600000,4600000,4600000,2
Mitsubishi,Po5,Standard,Diesel,2004,4362500,4325000,4300000,4500000,4
Mitsubishi,Po5,Standard,Petrol,1999,4500000,4500000,4500000,4500000,1
Nissan,Bongo,Standard,Diesel,1997,4112500,4112500,3525000,4700000,2
Nissan,Caravan,Standard,Diesel,1980,2308333,2550000,1375000,3000000,3
Nissan,Caravan,Standard,Diesel,1981,2378125,1900000,625000,5850000,8
Nissan,Caravan,Standard,Diesel,1982,2750000,2750000,2750000,2750000,2
Nissan,Caravan,Standard,Diesel,1985,6060000,2850000,1675000,21000000,5
Nissan,Caravan,Standard,Diesel,1987,9750000,9750000,2750000,16750000,2
Nissan,Caravan,Standard,Diesel,1988,5353571,5500000,4500000,5950000,7
Nissan,Caravan,Standard,Diesel,1989,5383333,5325000,4450000,6400000,6
Nissan,Caravan,Standard,Diesel,1990,5982143,5825000,4950000,6650000,7
Nissan,Caravan,Standard,Diesel,1991,6186000,6150000,5175000,7490000,15
Nissan,Caravan,Standard,Diesel,1992,6435588,6400000,5200000,9000000,17
Nissan,Caravan,Standard,Diesel,1993,6949143,6750000,5450000,8600000,35
Nissan,Caravan,Standard,Diesel,1994,6946429,7100000,5800000,8000000,14
Nissan,Caravan,Standard,Diesel,1995,7382353,7300000,5250000,9800000,17
Nissan,Caravan,Standard,Diesel,1996,8057000,8147500,6650000,9600000,10
Nissan,Caravan,Standard,Diesel,1997,8999316,9600000,1850000,12345642,21
Nissan,Caravan,Standard,Diesel,1998,8039062,8050000,6000000,9850000,16
Nissan,Caravan,Standard,Diesel,1999,8981250,8975000,7100000,11000000,16
Nissan,Caravan,Standard,Diesel,2000,8350000,8525000,6375000,10700000,11
Nissan,Caravan,Standard,Diesel,2001,8200000,8250000,6700000,9800000,8
Nissan,Caravan,Standard,Diesel,2002,9275000,9350000,7600000,10500000,6
Nissan,Caravan,Standard,Diesel,2003,9036111,8650000,7200000,11875000,9
Nissan,Caravan,Standard,Diesel,2006,8325000,8325000,8250000,8400000,2
Nissan,Caravan,Standard,Diesel,2007,9366667,9650000,8600000,9850000,3
Nissan,Caravan,Standard,Diesel,2008,9050000,9050000,8600000,9500000,2
Nissan,Caravan,Standard,Diesel,2011,9950000,9950000,9950000,9950000,2
Nissan,Caravan,Standard,Diesel,2012,13837500,15225000,9000000,15900000,4
Nissan,Caravan,Standard,Diesel,2015,15708333,16000000,13800000,17300000,6
Nissan,Caravan,Standard,Electric,2003,8550000,8550000,8550000,8550000,1
Nissan,Caravan,Standard,Petrol,1993,6500000,6500000,6500000,6500000,2
Nissan,Clipper,BUDY NV 100,Petrol,2016,5750000,5750000,5750000,5750000,1
Nissan,Clipper,DR17V,Petrol,2018,5690000,5690000,5690000,5690000,1
Nissan,Clipper,DR17v,Petrol,2018,5690000,5690000,5690000,5690000,1
Nissan,Clipper,NV-100,Petrol,2017,6390000,6390000,6390000,6390000,1
Nissan,Clipper,NV100,Petrol,2012,4750000,4750000,4750000,4750000,1
Nissan,Clipper,NV100,Petrol,2016,6130000,6130000,5985000,6275000,2
Nissan,Clipper,NV100,Petrol,2020,6750000,6750000,6750000,6750000,1
Nissan,Clipper,NV100 Full Join Turbo,Petrol,2018,6850000,6850000,6850000,6850000,1
Nissan,Clipper,Nv100 Rio,Petrol,2023,8200000,8200000,8200000,8200000,1
Nissan,Clipper,Standard,Petrol,2007,3456250,4137500,1050000,4500000,4
Nissan,Clipper,Standard,Petrol,2011,3450000,4370000,1475000,4460000,6
Nissan,Clipper,Standard,Petrol,2012,4669000,4600000,4350000,5175000,5
Nissan,Clipper,Standard,Petrol,2013,4304167,4750000,1475000,5175000,6
Nissan,Clipper,Standard,Petrol,2014,5912500,5787500,5575000,6500000,4
Nissan,Clipper,Standard,Petrol,2015,5958333,5950000,5825000,6100000,3
Nissan,Clipper,Standard,Petrol,2016,6043571,5990000,5900000,6350000,7
Nissan,Clipper,Standard,Petrol,2017,5585000,6200000,1475000,6300000,9
Nissan,Clipper,Standard,Petrol,2018,5958333,5700000,5695000,6480000,3
Nissan,Clipper,Standard,Petrol,2020,4487500,4487500,2200000,6775000,2
Nissan,Clipper,Standard,Petrol,2023,7246667,7200000,6850000,7690000,3
Nissan,Clipper,Wagon,Petrol,2014,6750000,6750000,6750000,6750000,1
Nissan,E25,Standard,Diesel,2002,4991667,2675000,2500000,9800000,3
Nissan,E25,Standard,Diesel,2003,9014286,9500000,7500000,10500000,7
Nissan,E25,Standard,Diesel,2004,9600000,9400000,8900000,10500000,3
Nissan,E25,Standard,Diesel,2005,9750000,9750000,9700000,9800000,2
Nissan,E25,Standard,Diesel,2006,8933333,8900000,8000000,10000000,6
Nissan,E25,Standard,Diesel,2007,9234318,9125000,8000000,10500000,22
Nissan,E25,Standard,Diesel,2008,8600000,8600000,8600000,8600000,1
Nissan,E25,Standard,Diesel,2011,10654167,10500000,8950000,12875000,6
Nissan,E25,Standard,Diesel,2012,5616667,5000000,2700000,9150000,3
Nissan,E25,Standard,Petrol,2007,9200000,9200000,9200000,9200000,1
Nissan,E25,Standard,Petrol,2008,8700000,8550000,8550000,9000000,3
Nissan,Largo,Highway,Diesel,1997,4300000,4300000,4300000,4300000,1
Nissan,Largo,Standard,Diesel,1990,2437500,2475000,1650000,3150000,4
Nissan,Largo,Standard,Diesel,1991,2331250,2300000,2150000,2575000,4
Nissan,Largo,Standard,Diesel,1992,2400000,2500000,2150000,2550000,3
Nissan,Largo,Standard,Diesel,1996,3250000,3300000,2950000,3450000,4
Nissan,Largo,Standard,Diesel,1997,3475000,3475000,3475000,3475000,1
Nissan,Largo,Standard,Petrol,1991,2150000,2150000,2150000,2150000,1
Nissan,Nv,350,Diesel,2017,13800000,13800000,13000000,14600000,2
Nissan,Nv100,Standard,Petrol,2015,6175000,6175000,5700000,6650000,2
Nissan,Nv200,Standard,Petrol,2009,8250000,8250000,7800000,8700000,2
Nissan,Nv200,Standard,Petrol,2011,19492857,8690000,7950000,83000000,7
Nissan,Nv200,Standard,Petrol,2012,8450000,8450000,8100000,8800000,2
Nissan,Nv200,Standard,Petrol,2013,9316667,9200000,8950000,9800000,3
Nissan,Nv200,Standard,Petrol,2014,9446429,9600000,8950000,9700000,7
Nissan,Nv200,Standard,Petrol,2016,10389286,10550000,8275000,12000000,7
Nissan,Nv200,Standard,Petrol,2018,11537500,11537500,9575000,13500000,2
Nissan,Primastar,Standard,Diesel,2013,3750000,3750000,1000000,6500000,2
Nissan,Serena,Standard,Diesel,1991,2625000,2625000,2450000,2800000,4
Nissan,Serena,Standard,Diesel,1992,2311111,2350000,1900000,3000000,9
Nissan,Serena,Standard,Diesel,1993,2685000,2650000,2375000,3550000,9
Nissan,Serena,Standard,Diesel,1994,2685714,2700000,2475000,2850000,7
Nissan,Serena,Standard,Diesel,1995,2682000,2600000,2385000,3050000,5
Nissan,Serena,Standard,Diesel,1996,2716667,2675000,2675000,2800000,3
Nissan,Serena,Standard,Diesel,1998,3050000,3075000,2700000,3350000,4
Nissan,Serena,Standard,Diesel,1999,2991667,2600000,2575000,3800000,3
Nissan,Serena,Standard,Diesel,2002,3100000,3150000,2950000,3200000,3
Nissan,Serena,Standard,Diesel,2003,3475000,3475000,3475000,3475000,2
Nissan,Serena,Standard,Petrol,1998,3200000,3200000,3200000,3200000,1
Nissan,Serena,Standard,Petrol,1999,3675000,3675000,3675000,3675000,1
Nissan,Serena,Standard,Petrol,2002,2910000,2910000,2870000,2950000,2
Nissan,Vanette,Standard,Diesel,1981,1462500,1462500,1350000,1575000,2
Nissan,Vanette,Standard,Diesel,1982,1531250,1712500,900000,1800000,4
Nissan,Vanette,Standard,Diesel,1983,1295000,1250000,950000,1850000,5
Nissan,Vanette,Standard,Diesel,1984,1553333,1585000,1275000,1800000,3
Nissan,Vanette,Standard,Diesel,1985,1100000,875000,875000,1550000,3
Nissan,Vanette,Standard,Diesel,1986,2253571,2350000,1750000,2675000,7
Nissan,Vanette,Standard,Diesel,1987,2325556,2500000,1180000,3500000,9
Nissan,Vanette,Standard,Diesel,1988,2606500,2492500,2230000,3450000,10
Nissan,Vanette,Standard,Diesel,1989,2612143,2600000,2230000,2850000,7
Nissan,Vanette,Standard,Diesel,1990,2776750,2755000,2300000,3300000,20
Nissan,Vanette,Standard,Diesel,1991,2990625,2937500,2500000,3600000,24
Nissan,Vanette,Standard,Diesel,1992,3347353,3300000,2950000,3900000,17
Nissan,Vanette,Standard,Diesel,1993,3351136,3350000,2850000,3950000,22
Nissan,Vanette,Standard,Diesel,1994,3784286,3850000,2785000,5000000,21
Nissan,Vanette,Standard,Diesel,1995,3770000,3850000,2850000,4550000,5
Nissan,Vanette,Standard,Diesel,1996,4154286,4350000,3230000,4550000,7
Nissan,Vanette,Standard,Diesel,1997,4555909,4500000,4250000,4880000,11
Nissan,Vanette,Standard,Diesel,1998,4466333,4550000,3425000,5200000,15
Nissan,Vanette,Standard,Diesel,1999,5260000,5450000,4500000,5800000,5
Nissan,Vanette,Standard,Diesel,2000,5694583,5767500,4950000,6300000,12
Nissan,Vanette,Standard,Diesel,2001,5930000,5850000,4750000,7100000,11
Nissan,Vanette,Standard,Diesel,2002,6187778,6300000,5350000,6825000,9
Nissan,Vanette,Standard,Diesel,2003,6350000,6350000,6150000,6550000,4
Nissan,Vanette,Standard,Diesel,2004,5591667,5550000,5475000,5750000,3
Nissan,Vanette,Standard,Diesel,2005,5580000,5350000,5300000,6180000,6
Nissan,Vanette,Standard,Diesel,2006,6163214,6092500,2200000,7800000,14
Nissan,Vanette,Standard,Diesel,2007,6689762,6650000,5500000,7500000,21
Nissan,Vanette,Standard,Diesel,2008,6595000,6800000,5250000,7600000,5
Nissan,Vanette,Standard,Diesel,2010,7166667,6850000,6800000,7850000,3
Nissan,Vanette,Standard,Diesel,2011,6300000,6300000,6000000,6600000,2
Nissan,Vanette,Standard,Diesel,2012,6950000,6950000,6950000,6950000,1
Nissan,Vanette,Standard,Diesel,2013,7141667,7400000,6550000,7475000,3
Nissan,Vanette,Standard,Electric,1990,2925000,2925000,2900000,2950000,2
Nissan,Vanette,Standard,Petrol,1982,1975000,1975000,1975000,1975000,1
Nissan,Vanette,Standard,Petrol,1986,2500000,2500000,2500000,2500000,1
Nissan,Vanette,Standard,Petrol,1987,2340000,2340000,2250000,2430000,2
Nissan,Vanette,Standard,Petrol,1990,1950000,1950000,1950000,1950000,1
Nissan,Vanette,Standard,Petrol,1992,3000000,3000000,3000000,3000000,1
Nissan,Vanette,Standard,Petrol,1994,3637500,3637500,3475000,3800000,2
Nissan,Vanette,Standard,Petrol,1998,4495833,4312500,4200000,5250000,6
Nissan,Vanette,Standard,Petrol,1999,5500000,5500000,5500000,5500000,1
Nissan,Vanette,Standard,Petrol,2000,5716667,5475000,5475000,6200000,3
Nissan,Vanette,Standard,Petrol,2001,6283333,6450000,5900000,6500000,3
Nissan,Vanette,Standard,Petrol,2002,5550000,5550000,4750000,6350000,2
Nissan,Vanette,Standard,Petrol,2003,6350000,6500000,5750000,6750000,6
Nissan,Vanette,Standard,Petrol,2006,6595833,6625000,5800000,7400000,6
Nissan,Vanette,Standard,Petrol,2007,6988889,7250000,6000000,7900000,9
Nissan,Vanette,Standard,Petrol,2008,6737500,6737500,6700000,6775000,2
Nissan,Vanette,Standard,Petrol,2010,6818750,6650000,6400000,7575000,4
Nissan,Vanette,Standard,Petrol,2012,4212500,4212500,1875000,6550000,2
Nissan,Vrg,23,Diesel,1982,4000000,4000000,4000000,4000000,1
Nissan,Vrg,Standard,Diesel,1980,4968000,1975000,1200000,17500000,5
Nissan,Vrg,Standard,Diesel,1982,1706250,1625000,1075000,2500000,4
Nissan,Vrg,Standard,Diesel,1983,1775000,1775000,1650000,1900000,2
Nissan,Vrg,Standard,Diesel,1984,1581667,1750000,1045000,1950000,3
Nissan,Vrg,Standard,Diesel,1985,16400000,16400000,2800000,30000000,2
Suzuki,Carry,Standard,Petrol,2001,3866667,3650000,3650000,4300000,3
Suzuki,Da17,Standard,Petrol,2015,6112500,6112500,5875000,6350000,2
Suzuki,Da17,Standard,Petrol,2016,6073333,5975000,5800000,6325000,9
Suzuki,Da64,Full Jone,Petrol,2012,4975000,4975000,4975000,4975000,1
Suzuki,Da64,Standard,Petrol,2007,4900000,4900000,4750000,5050000,2
Suzuki,Da64,Standard,Petrol,2012,5016667,5075000,4650000,5325000,3
Suzuki,Da64,Standard,Petrol,2018,4646667,5690000,2500000,5750000,3
Suzuki,Every,Standard,Diesel,2018,6400000,6400000,6400000,6400000,1
Suzuki,Every,Standard,Hybrid,2015,5550000,5550000,5550000,5550000,1
Suzuki,Every,Standard,Petrol,1999,3260455,3260000,3000000,3500000,11
Suzuki,Every,Standard,Petrol,2000,3485227,3537500,2950000,3760000,22
Suzuki,Every,Standard,Petrol,2001,3856667,3825000,3250000,4500000,12
Suzuki,Every,Standard,Petrol,2002,3768333,3775000,3400000,4375000,9
Suzuki,Every,Standard,Petrol,2004,3370833,3400000,2775000,3950000,6
Suzuki,Every,Standard,Petrol,2005,3622500,3645000,3550000,3650000,4
Suzuki,Every,Standard,Petrol,2006,4602692,4900000,3775000,4975000,13
Suzuki,Every,Standard,Petrol,2007,4964000,4950000,4250000,5400000,15
Suzuki,Every,Standard,Petrol,2008,5100000,5200000,4650000,5500000,9
Suzuki,Every,Standard,Petrol,2009,5262500,5262500,5175000,5350000,2
Suzuki,Every,Standard,Petrol,2011,5326000,5350000,4775000,5800000,15
Suzuki,Every,Standard,Petrol,2012,5611000,5727500,5100000,5950000,10
Suzuki,Every,Standard,Petrol,2013,5445769,5450000,4800000,5950000,13
Suzuki,Every,Standard,Petrol,2014,5815400,5750000,5150000,6650000,25
Suzuki,Every,Standard,Petrol,2015,5924643,5882500,5175000,6650000,28
Suzuki,Every,Standard,Petrol,2016,6120000,6075000,5500000,6800000,48
Suzuki,Every,Standard,Petrol,2017,6242609,6350000,5275000,7650000,69
Suzuki,Every,Standard,Petrol,2018,6275455,6375000,1975000,7200000,33
Suzuki,Every,Standard,Petrol,2019,6560714,6525000,5590000,7675000,28
Suzuki,Every,Standard,Petrol,2020,6533000,6500000,6190000,6875000,5
Suzuki,Every,Standard,Petrol,2022,9400000,9400000,9300000,9500000,2
Suzuki,Every,Standard,Petrol,2023,8035000,7975000,7500000,8750000,5
Suzuki,Every,Standard,Petrol,2024,7991154,7985000,6950000,9250000,13
Suzuki,Every,Standard,Petrol,2025,9216000,9295000,7780000,10200000,20
Suzuki,Nv100,Standard,Petrol,2015,6175000,6175000,5750000,6600000,2
Suzuki,Omni,Standard,Petrol,2004,2041667,2100000,1925000,2100000,3
Suzuki,Omni,Standard,Petrol,2006,2008333,2100000,1775000,2150000,3
Suzuki,Omni,Standard,Petrol,2007,1712500,1712500,1675000,1750000,2
Suzuki,Unknown,Standard,Petrol,2015,5665000,5665000,5480000,5850000,2
Toyota,Alphard,Standard,Petrol,2024,50800000,50800000,50800000,50800000,1
Toyota,Alphard,Z Hybrid,Hybrid,2024,49500000,49500000,49500000,49500000,1
Toyota,Cm20,Standard,Diesel,1983,1962500,1962500,1950000,1975000,2
Toyota,Cr26,Standard,Diesel,1986,2575000,2575000,2500000,2650000,2
Toyota,Cr26,Standard,Diesel,1987,2488333,2490000,2375000,2600000,3
Toyota,Cr26,Standard,Diesel,1988,2600000,2600000,2600000,2600000,1
Toyota,Cr26,Standard,Petrol,1988,2575000,2575000,2575000,2575000,1
Toyota,Cr27,Standard,Diesel,1989,3401000,3350000,3250000,3600000,5
Toyota,Cr27,Standard,Diesel,1990,3108333,3250000,2500000,3450000,6
Toyota,Cr27,Standard,Diesel,1991,3525000,3375000,3000000,4050000,5
Toyota,Cr27,Standard,Diesel,1992,4312500,4275000,3700000,5000000,4
Toyota,Cr27,Standard,Diesel,1993,4472500,4450000,4400000,4590000,4
Toyota,Cr27,Standard,Diesel,1994,4712500,4775000,4400000,4900000,4
Toyota,Cr27,Standard,Diesel,1995,5250000,5200000,4800000,5700000,5
Toyota,Cr27,Standard,Diesel,1996,5050000,5050000,4600000,5500000,2
Toyota,Cr27,Standard,Diesel,1998,4200000,4200000,4200000,4200000,2
Toyota,Cr41,Standard,Diesel,1996,5995000,5995000,5990000,6000000,2
Toyota,Cr41,Standard,Diesel,1997,6308333,6350000,5900000,6950000,12
Toyota,Cr41,Standard,Diesel,1998,6565625,6325000,5900000,8550000,8
Toyota,Cr41,Standard,Diesel,1999,6298333,6250000,5895000,6750000,3
Toyota,Cr42,Standard,Diesel,1999,6836111,6975000,6100000,7200000,9
Toyota,Cr42,Standard,Diesel,2001,7100000,7100000,6800000,7400000,2
Toyota,Cr42,Standard,Diesel,2002,7625000,7625000,7350000,7900000,2
Toyota,Dolphin,Standard,Diesel,1989,7071429,6850000,6200000,7750000,7
Toyota,Dolphin,Standard,Diesel,1990,6861034,6850000,5575000,8800000,29
Toyota,Dolphin,Standard,Diesel,1991,7005921,6912500,5500000,8700000,38
Toyota,Dolphin,Standard,Diesel,1992,7462647,7425000,5800000,9500000,34
Toyota,Dolphin,Standard,Diesel,1993,8323205,8200000,6200000,10900000,39
Toyota,Dolphin,Standard,Diesel,1994,8645333,8450000,6100000,30000000,45
Toyota,Dolphin,Standard,Diesel,1995,11360294,9250000,6350000,75050000,34
Toyota,Dolphin,Standard,Diesel,1996,9585000,9500000,6975000,11900000,15
Toyota,Dolphin,Standard,Diesel,1997,8867250,8300000,6700000,11500000,20
Toyota,Dolphin,Standard,Diesel,1998,10391407,10800000,7850000,12300000,15
Toyota,Dolphin,Standard,Diesel,1999,11152500,10800000,8250000,13250000,16
Toyota,Dolphin,Standard,Diesel,2000,10258750,11395000,900000,13200000,16
Toyota,Dolphin,Standard,Diesel,2001,12860000,13150000,10950000,13700000,5
Toyota,Dolphin,Standard,Diesel,2002,13226364,13450000,11800000,15500000,11
Toyota,Dolphin,Standard,Diesel,2003,11003125,11250000,9625000,11800000,8
Toyota,Dolphin,Standard,Diesel,2004,10780000,9900000,9900000,12200000,5
Toyota,Dolphin,Standard,Diesel,2007,14450000,14450000,13900000,15000000,2
Toyota,Dolphin,Standard,Diesel,2008,12600000,12600000,12600000,12600000,1
Toyota,Dolphin,Standard,Diesel,2010,11000000,11000000,11000000,11000000,2
Toyota,Dolphin,Standard,Petrol,1993,7300000,7300000,7300000,7300000,1
Toyota,Dolphin,Standard,Petrol,1998,8250000,8250000,7850000,8650000,2
Toyota,Dolphin,Standard,Petrol,2002,11200000,11200000,11200000,11200000,1
Toyota,Dolphin,Standard,Petrol,2003,11100000,11100000,11100000,11100000,1
Toyota,Dolphin,Standard,Petrol,2004,12250000,12250000,12250000,12250000,1
Toyota,Dolphin,Standard,Petrol,2008,11000000,11000000,11000000,11000000,1
Toyota,Esquire,Standard,Hybrid,2015,19875000,19875000,19875000,19875000,1
Toyota,Esquire,Standard,Petrol,2015,18900000,18900000,18900000,18900000,1
Toyota,Estima,Standard,Petrol,2008,6500000,6500000,6500000,6500000,2
Toyota,Gdh,223 GL Japan,Diesel,2024,26500000,26500000,26500000,26500000,1
Toyota,Gdh,Standard,Diesel,2024,29250000,29250000,29000000,29500000,2
Toyota,Grand,Hiace,Diesel,2008,7675000,7675000,7500000,7850000,2
Toyota,Granvia,Standard,Diesel,2007,6875000,6875000,6750000,7000000,2
Toyota,Hiace,102,Diesel,1990,5900000,5900000,5900000,5900000,1
Toyota,Hiace,102,Diesel,1992,7150000,7150000,7150000,7150000,1
Toyota,Hiace,103,Diesel,1994,7650000,7650000,7650000,7650000,2
Toyota,Hiace,113,Diesel,1994,9075000,9075000,9075000,9075000,1
Toyota,Hiace,113,Diesel,1998,9720000,9720000,9720000,9720000,1
Toyota,Hiace,300,Diesel,2025,29000000,29000000,29000000,29000000,1
Toyota,Hiace,GL,Diesel,1988,4600000,4600000,4600000,4600000,1
Toyota,Hiace,Grand Cabin,Diesel,2002,6950000,6950000,6950000,6950000,1
Toyota,Hiace,High Roof,Diesel,2017,23500000,23500000,23500000,23500000,1
Toyota,Hiace,LH 172,Diesel,2000,12900000,12900000,12900000,12900000,1
Toyota,Hiace,LH102,Diesel,1990,6250000,6250000,6250000,6250000,1
Toyota,Hiace,LH103,Diesel,1994,7200000,7200000,7200000,7200000,1
Toyota,Hiace,LH113,Diesel,1992,8000000,8000000,8000000,8000000,1
Toyota,Hiace,LH119,Diesel,1997,7800000,7800000,7800000,7800000,1
Toyota,Hiace,LH40,Diesel,1981,1950000,1950000,1950000,1950000,1
Toyota,Hiace,LH51,Diesel,1984,2500000,2500000,2500000,2500000,1
Toyota,Hiace,LH51,Diesel,1986,3785000,3807500,3675000,3850000,4
Toyota,Hiace,LH51,Diesel,1988,3606667,3485000,3385000,3950000,3
Toyota,Hiace,LH51,Diesel,1989,4475000,4475000,4250000,4700000,2
Toyota,Hiace,LH51V,Diesel,1988,3290000,3290000,3290000,3290000,1
Toyota,Hiace,LH56,Diesel,1987,3875000,3875000,3875000,3875000,2
Toyota,Hiace,LH61,Diesel,1987,3775000,3775000,3775000,3775000,1
Toyota,Hiace,Lh51,Diesel,1988,3400000,3400000,3400000,3400000,1
Toyota,Hiace,SUPER GL,Diesel,2013,22000000,22000000,22000000,22000000,1
Toyota,Hiace,Shell,Diesel,1988,3100000,3100000,3100000,3100000,1
Toyota,Hiace,Shell LH 66,Diesel,1989,5000000,5000000,5000000,5000000,1
Toyota,Hiace,Shell LH61,Diesel,1988,4350000,4350000,4350000,4350000,1
Toyota,Hiace,Shell LH61B,Diesel,1989,3850000,3850000,3850000,3850000,1
Toyota,Hiace,Shell LH61V,Diesel,1989,5650000,5650000,5650000,5650000,1
Toyota,Hiace,Short,Diesel,1988,4050000,4050000,4050000,4050000,1
Toyota,Hiace,Standard,Diesel,1980,950000,950000,950000,950000,2
Toyota,Hiace,Standard,Diesel,1981,1575000,1575000,1575000,1575000,1
Toyota,Hiace,Standard,Diesel,1982,1650000,1650000,1500000,1800000,2
Toyota,Hiace,Standard,Diesel,1983,7083333,2650000,2000000,30000000,6
Toyota,Hiace,Standard,Diesel,1984,3650000,3100000,2850000,5000000,3
Toyota,Hiace,Standard,Diesel,1986,4437500,4400000,4250000,4700000,4
Toyota,Hiace,Standard,Diesel,1987,4191667,4150000,3500000,5000000,6
Toyota,Hiace,Standard,Diesel,1988,4180714,4300000,2950000,5175000,14
Toyota,Hiace,Standard,Diesel,1989,5853846,4000000,3450000,26500000,13
Toyota,Hiace,Standard,Diesel,1990,6212500,6350000,4650000,6900000,8
Toyota,Hiace,Standard,Diesel,1991,6616667,6750000,6250000,6850000,3
Toyota,Hiace,Standard,Diesel,1992,7800000,7950000,6500000,8800000,4
Toyota,Hiace,Standard,Diesel,1993,7770000,7600000,6850000,9500000,5
Toyota,Hiace,Standard,Diesel,1994,8161667,7900000,7600000,8985000,3
Toyota,Hiace,Standard,Diesel,1995,8570000,8850000,7500000,9500000,5
Toyota,Hiace,Standard,Diesel,1996,10250000,10250000,9500000,11000000,2
Toyota,Hiace,Standard,Diesel,1997,10100000,10100000,9000000,11200000,2
Toyota,Hiace,Standard,Diesel,1998,11300000,11300000,11300000,11300000,1
Toyota,Hiace,Standard,Diesel,2001,13500000,13500000,13500000,13500000,1
Toyota,Hiace,Standard,Diesel,2002,11200000,11200000,8400000,14000000,2
Toyota,Hiace,Standard,Diesel,2003,10750000,10750000,10200000,11300000,2
Toyota,Hiace,Standard,Diesel,2015,23700000,23800000,22500000,24800000,3
Toyota,Hiace,Standard,Diesel,2016,24900000,24900000,22800000,27000000,2
Toyota,Hiace,Standard,Diesel,2017,19250000,19250000,19250000,19250000,1
Toyota,Hiace,Standard,Diesel,2025,25487500,26500000,21200000,27750000,4
Toyota,Hiace,Standard,Diesel,2026,14925000,14925000,7550000,22300000,2
Toyota,Hiace,Standard,Petrol,1980,1100000,1100000,1100000,1100000,1
Toyota,Hiace,Standard,Petrol,1987,3825000,3825000,3825000,3825000,1
Toyota,Hiace,Standard,Petrol,2013,17000000,17000000,17000000,17000000,1
Toyota,Hiace,Super GL,Diesel,2000,12216667,12350000,11850000,12450000,3
Toyota,Hiace,Super GL LH172,Diesel,2001,12700000,12700000,12700000,12700000,1
Toyota,High,Roof Super Long,Diesel,2002,12000000,12000000,12000000,12000000,3
Toyota,KDH,Standard,Diesel,2004,15833333,17000000,13500000,17000000,3
Toyota,KDH,Standard,Diesel,2005,15913636,17200000,5500000,18500000,11
Toyota,KDH,Standard,Diesel,2006,16478417,16550000,13675000,19200000,36
Toyota,KDH,Standard,Diesel,2007,17020588,16500000,14500000,20000000,51
Toyota,KDH,Standard,Diesel,2008,17829167,17550000,15500000,19800000,18
Toyota,KDH,Standard,Diesel,2009,18050000,17800000,16950000,20300000,5
Toyota,KDH,Standard,Diesel,2010,18383333,17850000,17500000,19800000,3
Toyota,KDH,Standard,Diesel,2011,19993750,20225000,16700000,22000000,16
Toyota,KDH,Standard,Diesel,2012,18797917,18800000,16300000,22200000,24
Toyota,KDH,Standard,Diesel,2013,21128571,21900000,17500000,22800000,14
Toyota,KDH,Standard,Diesel,2014,22771000,23500000,18575000,26500000,15
Toyota,KDH,Standard,Diesel,2015,24049405,24100000,17500000,30500000,42
Toyota,KDH,Standard,Diesel,2016,24270455,24000000,21975000,27800000,11
Toyota,KDH,Standard,Diesel,2017,25952857,25950000,20990000,31000000,14
Toyota,KDH,Standard,Diesel,2018,23200000,21850000,20800000,28300000,4
Toyota,KDH,Standard,Diesel,2025,23160000,21500000,20900000,29200000,5
Toyota,KDH,Standard,Diesel,2026,22150000,22150000,22000000,22300000,4
Toyota,KDH,Standard,Petrol,2005,14750000,14750000,14700000,14800000,2
Toyota,KDH,Standard,Petrol,2006,16366667,16650000,15600000,16850000,3
Toyota,KDH,Standard,Petrol,2007,17183333,17750000,15800000,18000000,3
Toyota,KDH,Standard,Petrol,2008,15037500,15037500,14950000,15125000,2
Toyota,KDH,Standard,Petrol,2012,17237500,17000000,16500000,18450000,4
Toyota,KDH,Standard,Petrol,2014,22780556,22000000,17375000,29000000,9
Toyota,KDH,Standard,Petrol,2015,21228571,21000000,18700000,24500000,7
Toyota,KDH,Standard,Petrol,2016,23030000,23000000,20200000,25400000,10
Toyota,KDH,Standard,Petrol,2017,24800000,24800000,24800000,24800000,1
Toyota,Kr41,Standard,Diesel,1998,6350000,6350000,6350000,6350000,1
Toyota,Kr41,Standard,Petrol,1998,5712500,5712500,5675000,5750000,2
Toyota,Kr42,Full Noah,Diesel,2000,7865000,7865000,7865000,7865000,1
Toyota,Kr42,Standard,Diesel,1997,5850000,5850000,5850000,5850000,1
Toyota,Kr42,Standard,Diesel,1998,24000000,6200000,5800000,60000000,3
Toyota,Kr42,Standard,Diesel,1999,6875000,6875000,6500000,7250000,2
Toyota,Kr42,Standard,Diesel,2000,6991250,6775000,6550000,7865000,4
Toyota,Kr42,Standard,Diesel,2001,6741667,6800000,6525000,6900000,3
Toyota,Kr42,Standard,Petrol,1997,6100000,6100000,6100000,6100000,1
Toyota,Kr42,Standard,Petrol,1998,5675000,5675000,5675000,5675000,1
Toyota,Kr42,Standard,Petrol,2000,4312500,4312500,1750000,6875000,2
Toyota,Kr42,Standard,Petrol,2001,6950000,6950000,6575000,7325000,2
Toyota,Kr42,Standard,Petrol,2006,7775000,7975000,6650000,8500000,4
Toyota,Kr42,Standard,Petrol,2007,29008333,8200000,7825000,71000000,3
Toyota,Lh102,Standard,Diesel,1992,7025000,7025000,6950000,7100000,2
Toyota,Lh103,Standard,Diesel,1994,8187500,8187500,7875000,8500000,2
Toyota,Lh113,LONG HIACE,Diesel,1992,7150000,7150000,7150000,7150000,1
Toyota,Lh113,Standard,Diesel,1991,6925000,6350000,6300000,8700000,4
Toyota,Lh113,Standard,Diesel,1992,7750000,7750000,7750000,7750000,1
Toyota,Lh113,Standard,Diesel,1993,8393750,8287500,7750000,9250000,4
Toyota,Lh113,Standard,Diesel,1994,8563333,8500000,8400000,8790000,3
Toyota,Lh113,Standard,Diesel,1995,7850000,7850000,7850000,7850000,2
Toyota,Lh113,Standard,Diesel,1997,8650000,8650000,8650000,8650000,1
Toyota,Lh113,Super GL,Diesel,1997,12500000,12500000,12500000,12500000,1
Toyota,Lh20,Standard,Diesel,1980,1153750,1135000,895000,1450000,4
Toyota,Lh20,Standard,Diesel,1981,1145000,1115000,950000,1400000,4
Toyota,Lh20,Standard,Diesel,1982,921667,895000,750000,1120000,3
Toyota,Lh20,Standard,Petrol,1980,1450000,1450000,1450000,1450000,1
Toyota,Lh20,V,Diesel,1980,820000,820000,820000,820000,1
Toyota,Lh30,Standard,Diesel,1980,1292273,1250000,820000,2500000,11
Toyota,Lh30,Standard,Diesel,1981,1101250,1100000,750000,1375000,8
Toyota,Lh30,Standard,Diesel,1982,1238125,1300000,800000,1425000,8
Toyota,Lh30,Standard,Diesel,1983,1070000,1075000,975000,1150000,5
Toyota,Lh30,Standard,Diesel,1984,1300000,1300000,1000000,1600000,2
Toyota,Lh30,Standard,Diesel,1985,1509167,1395000,1165000,2500000,6
Toyota,Lh30,Standard,Diesel,1986,1216667,1400000,850000,1400000,3
Toyota,Lh40,Standard,Diesel,1980,1480000,1480000,1375000,1585000,4
Toyota,Lh40B,Standard,Diesel,1982,975000,975000,975000,975000,2
Toyota,Lh40B,Standard,Diesel,1986,1775000,1775000,1500000,2050000,2
Toyota,Lh50,Standard,Diesel,1983,1405000,1405000,1025000,1785000,2
Toyota,Lh51,Shell,Diesel,1985,3700000,3700000,3700000,3700000,1
Toyota,Lh51,Shell,Diesel,1988,4650000,4650000,4650000,4650000,1
Toyota,Lh51,Standard,Diesel,1983,1950000,1950000,1600000,2300000,2
Toyota,Lh51,Standard,Diesel,1984,2725000,2725000,1850000,3600000,2
Toyota,Lh51,Standard,Diesel,1985,3342500,3342500,3085000,3600000,2
Toyota,Lh51,Standard,Diesel,1986,3875000,3875000,3800000,3950000,2
Toyota,Lh51,Standard,Diesel,1987,4675000,4675000,4500000,4850000,2
Toyota,Lh51,Standard,Diesel,1988,3937500,3950000,3000000,4650000,8
Toyota,Lh51,Standard,Diesel,1989,4437500,4400000,4000000,4950000,4
Toyota,Lh51,Standard,Diesel,1994,3835000,3835000,3795000,3875000,2
Toyota,Lh51V,Standard,Diesel,1988,4000000,4000000,4000000,4000000,1
Toyota,Lh51V,Standard,Electric,1988,4650000,4650000,4650000,4650000,1
Toyota,Lh61,Shell,Diesel,1986,4200000,4200000,4200000,4200000,1
Toyota,Lh61,Shell,Diesel,1987,4500000,4500000,4500000,4500000,1
Toyota,Lh61,Standard,Diesel,1986,4500000,4500000,4500000,4500000,1
Toyota,Lh61,Standard,Diesel,1987,3966667,3800000,3450000,4650000,3
Toyota,Lh61,Standard,Diesel,1989,4665000,4475000,3700000,5900000,5
Toyota,Lh61V,Standard,Diesel,1989,5158333,5500000,4475000,5500000,3
Toyota,Liteace,Standard,Diesel,1982,1450000,1575000,1200000,1575000,3
Toyota,Liteace,Standard,Diesel,1984,1985000,1975000,1890000,2100000,4
Toyota,Liteace,Standard,Diesel,1985,1921429,1800000,1550000,2500000,7
Toyota,Liteace,Standard,Diesel,1986,2650000,2700000,2050000,3150000,4
Toyota,Liteace,Standard,Diesel,1987,2259091,2175000,1550000,3500000,11
Toyota,Liteace,Standard,Diesel,1988,2801786,2800000,2425000,3300000,14
Toyota,Liteace,Standard,Diesel,1989,2745833,2720000,2500000,3400000,12
Toyota,Liteace,Standard,Diesel,1990,3260000,3375000,2575000,3750000,10
Toyota,Liteace,Standard,Diesel,1991,3192059,3250000,2550000,3700000,17
Toyota,Liteace,Standard,Diesel,1992,2971667,2975000,2850000,3090000,3
Toyota,Liteace,Standard,Diesel,1993,2966667,2500000,2500000,3900000,3
Toyota,Liteace,Standard,Diesel,1994,3410000,3150000,2750000,5050000,5
Toyota,Liteace,Standard,Diesel,1995,4240000,3700000,3100000,5500000,5
Toyota,Liteace,Standard,Diesel,1996,3800000,3650000,2150000,5600000,3
Toyota,Liteace,Standard,Diesel,1998,2600000,2600000,2600000,2600000,1
Toyota,Liteace,Standard,Diesel,2008,8000000,8000000,8000000,8000000,1
Toyota,Liteace,Standard,Petrol,1982,915000,915000,880000,950000,2
Toyota,Liteace,Standard,Petrol,1985,1800000,1800000,1800000,1800000,2
Toyota,Liteace,Standard,Petrol,1986,2700000,2700000,2700000,2700000,1
Toyota,Liteace,Standard,Petrol,1989,2400000,2400000,2400000,2400000,1
Toyota,Liteace,Standard,Petrol,1998,5890000,5890000,5890000,5890000,1
Toyota,Liteace,Standard,Petrol,2008,6275000,6275000,5850000,6700000,2
Toyota,Lotto,CR27,Diesel,1993,4550000,4550000,4550000,4550000,1
Toyota,Lotto,CR27,Diesel,1994,4890000,4890000,4890000,4890000,1
Toyota,Lotto,CR27,Diesel,1995,5043333,5195000,4675000,5260000,3
Toyota,Lotto,CR36,Diesel,1994,4375000,4375000,4375000,4375000,1
Toyota,Lotto,Standard,Diesel,1993,4958333,4850000,4550000,5475000,3
Toyota,Lotto,Standard,Diesel,1994,5141667,5250000,4900000,5275000,3
Toyota,Lotto,Standard,Diesel,1995,5593333,5950000,4850000,5980000,3
Toyota,Lotto,Standard,Diesel,2000,4750000,4750000,4750000,4750000,2
Toyota,Noah,CR 52,Diesel,2000,5975000,5975000,5975000,5975000,1
Toyota,Noah,CR41,Diesel,1997,6266667,6350000,6100000,6350000,3
Toyota,Noah,CR41,Diesel,1998,6506667,6725000,5500000,6800000,6
Toyota,Noah,CR41,Diesel,1999,5900000,5900000,5900000,5900000,1
Toyota,Noah,CR41,Diesel,2002,6625000,6625000,6600000,6650000,2
Toyota,Noah,CR41,Diesel,2005,6525000,6525000,6525000,6525000,1
Toyota,Noah,CR41,Petrol,1997,5050000,5050000,5050000,5050000,1
Toyota,Noah,CR41 Cr42,Petrol,1999,4950000,4950000,4950000,4950000,1
Toyota,Noah,CR42,Diesel,1998,7075000,7075000,6200000,7950000,2
Toyota,Noah,CR42,Diesel,1999,7070833,7075000,6800000,7400000,6
Toyota,Noah,CR42,Diesel,2000,7350000,7150000,7150000,7750000,3
Toyota,Noah,CR42,Diesel,2001,7200000,7200000,7200000,7200000,1
Toyota,Noah,CR42,Diesel,2003,6800000,6800000,6800000,6800000,1
Toyota,Noah,CR42,Diesel,2004,8900000,8900000,8900000,8900000,1
Toyota,Noah,CR42,Diesel,2006,7750000,7750000,7750000,7750000,1
Toyota,Noah,CR42 3c,Diesel,2005,6875000,6875000,6875000,6875000,1
Toyota,Noah,CR42 Faltroof,Diesel,2002,7650000,7650000,7650000,7650000,1
Toyota,Noah,CR42 Flatroof 4 Door,Diesel,2002,7850000,7850000,7850000,7850000,1
Toyota,Noah,CR51,Diesel,1996,5200000,5200000,5200000,5200000,1
Toyota,Noah,Cr,Diesel,2000,5650000,5650000,5650000,5650000,1
Toyota,Noah,Cr41,Diesel,1996,5750000,5750000,5750000,5750000,1
Toyota,Noah,KR 42,Diesel,2001,6950000,6950000,6950000,6950000,1
Toyota,Noah,KR41,Diesel,2002,5950000,5950000,5950000,5950000,1
Toyota,Noah,KR42,Diesel,1998,7575000,7575000,7450000,7700000,2
Toyota,Noah,KR42,Diesel,1999,6252500,6252500,5880000,6625000,2
Toyota,Noah,KR42,Diesel,2000,7350000,7275000,6850000,8000000,4
Toyota,Noah,KR42,Diesel,2001,7675000,7675000,6850000,8500000,4
Toyota,Noah,KR42,Diesel,2002,7400000,7400000,7350000,7450000,2
Toyota,Noah,KR42,Diesel,2003,8200000,8200000,8200000,8200000,1
Toyota,Noah,KR42,Diesel,2004,7133333,7200000,6900000,7300000,3
Toyota,Noah,KR42,Petrol,1999,5250000,5250000,5250000,5250000,1
Toyota,Noah,KR42,Petrol,2000,7250000,7250000,7250000,7250000,1
Toyota,Noah,KR42,Petrol,2002,7708333,8000000,6800000,8000000,6
Toyota,Noah,KR42,Petrol,2004,6600000,6600000,6600000,6600000,1
Toyota,Noah,KR42,Petrol,2006,8600000,8600000,8450000,8750000,2
Toyota,Noah,KR42,Petrol,2007,8285000,7920000,7800000,9500000,4
Toyota,Noah,KR42 3C,Diesel,1997,6175000,6175000,6175000,6175000,1
Toyota,Noah,KR42 3C,Diesel,2005,7250000,7250000,7250000,7250000,1
Toyota,Noah,KR42 3c Engine,Diesel,1998,6850000,6850000,6850000,6850000,1
Toyota,Noah,Kr42,Diesel,1999,6416667,5900000,5850000,7500000,3
Toyota,Noah,Kr42,Diesel,2001,7150000,7150000,7150000,7150000,1
Toyota,Noah,Kr42,Diesel,2002,9275000,9275000,9275000,9275000,1
Toyota,Noah,Kr42,Diesel,2006,6990000,6990000,6990000,6990000,1
Toyota,Noah,Kr42,Petrol,1998,6400000,6400000,6400000,6400000,1
Toyota,Noah,Kr42,Petrol,1999,5466667,4950000,4950000,6500000,3
Toyota,Noah,Kr42,Petrol,2001,7300000,7300000,6500000,8100000,2
Toyota,Noah,Kr42,Petrol,2006,8200000,8000000,7000000,9800000,4
Toyota,Noah,Kr42,Petrol,2007,8148750,8197500,7500000,8700000,4
Toyota,Noah,Kr42 3C,Diesel,1997,6375000,6375000,6375000,6375000,1
Toyota,Noah,Kr42 Cr42,Diesel,2001,8500000,8500000,8500000,8500000,1
Toyota,Noah,Standard,Diesel,1996,6083333,6100000,5800000,6350000,3
Toyota,Noah,Standard,Diesel,1997,11061818,6200000,5800000,59850000,11
Toyota,Noah,Standard,Diesel,1998,6201667,6170000,5500000,6850000,12
Toyota,Noah,Standard,Diesel,1999,6636176,6500000,5950000,7500000,17
Toyota,Noah,Standard,Diesel,2000,7062500,7000000,6200000,7950000,8
Toyota,Noah,Standard,Diesel,2001,7950000,8000000,6900000,8700000,7
Toyota,Noah,Standard,Diesel,2002,7334375,7675000,5800000,7800000,8
Toyota,Noah,Standard,Diesel,2003,6975000,6975000,6350000,7600000,2
Toyota,Noah,Standard,Diesel,2004,6225000,6225000,5950000,6500000,2
Toyota,Noah,Standard,Diesel,2005,7000000,7000000,7000000,7000000,1
Toyota,Noah,Standard,Diesel,2006,7596667,7690000,7250000,7850000,3
Toyota,Noah,Standard,Diesel,2007,7650000,7650000,7450000,7850000,2
Toyota,Noah,Standard,Hybrid,2014,16023750,16000000,15595000,16500000,4
Toyota,Noah,Standard,Petrol,1997,6450000,6450000,6450000,6450000,1
Toyota,Noah,Standard,Petrol,1998,6508750,6375000,6000000,7285000,4
Toyota,Noah,Standard,Petrol,1999,6241667,6225000,5050000,7500000,6
Toyota,Noah,Standard,Petrol,2001,7800000,7800000,7800000,7800000,2
Toyota,Noah,Standard,Petrol,2002,8633333,8750000,8250000,8900000,3
Toyota,Noah,Standard,Petrol,2004,5850000,5850000,5850000,5850000,1
Toyota,Noah,Standard,Petrol,2006,8025000,7700000,7600000,9100000,4
Toyota,Noah,Standard,Petrol,2007,8390000,8000000,7350000,9750000,5
Toyota,Noah,Standard,Petrol,2014,15500000,15500000,15500000,15500000,1
Toyota,Regius,Standard,Diesel,1999,6095000,6095000,5600000,6590000,2
Toyota,Shell,61,Diesel,1983,2875000,2875000,2875000,2875000,1
Toyota,Shell,61,Diesel,1988,4250000,4250000,4250000,4250000,1
Toyota,Shell,Hiace,Diesel,1988,3500000,3500000,3500000,3500000,1
Toyota,Shell,Hiace,Diesel,1989,4000000,4000000,4000000,4000000,1
Toyota,Shell,LH 50,Diesel,1989,3150000,3150000,3150000,3150000,1
Toyota,Shell,LH51,Diesel,1980,4250000,4250000,4250000,4250000,1
Toyota,Shell,LH51,Diesel,1987,3695000,3695000,3695000,3695000,1
Toyota,Shell,LH51,Diesel,1989,3875000,3875000,3875000,3875000,1
Toyota,Shell,LH60,Diesel,1983,2700000,2700000,2700000,2700000,1
Toyota,Shell,LH61,Diesel,1989,4350000,4350000,4350000,4350000,1
Toyota,Shell,LH61G,Diesel,1988,4750000,4750000,4750000,4750000,1
Toyota,Shell,LH61V,Diesel,1991,4950000,4950000,4950000,4950000,1
Toyota,Shell,LH61V Long,Diesel,1988,4690000,4690000,4690000,4690000,1
Toyota,Shell,LH61V Long,Diesel,1989,4690000,4690000,4690000,4690000,1
Toyota,Shell,Lh51,Diesel,1987,3500000,3500000,3500000,3500000,1
Toyota,Shell,Lh51,Diesel,1988,3850000,3850000,3750000,3950000,2
Toyota,Shell,Lh51,Diesel,1989,3950000,3950000,3950000,3950000,1
Toyota,Shell,Lh60,Diesel,1983,2700000,2700000,2700000,2700000,1
Toyota,Shell,Lh61,Diesel,1989,4550000,4550000,4550000,4550000,1
Toyota,Shell,Long,Diesel,1983,3575000,3575000,3575000,3575000,1
Toyota,Shell,Standard,Diesel,1980,4500000,4500000,4500000,4500000,1
Toyota,Shell,Standard,Diesel,1983,2810714,2800000,2225000,3500000,7
Toyota,Shell,Standard,Diesel,1984,3693929,3950000,2807500,4150000,7
Toyota,Shell,Standard,Diesel,1985,3650000,3650000,3500000,3800000,2
Toyota,Shell,Standard,Diesel,1986,3557143,3600000,3200000,3900000,7
Toyota,Shell,Standard,Diesel,1987,3910000,4190000,2000000,4700000,9
Toyota,Shell,Standard,Diesel,1988,8127800,4400000,3125000,43025000,10
Toyota,Shell,Standard,Diesel,1989,4225000,4200000,3800000,4900000,8
Toyota,Shell,Standard,Diesel,1991,3556250,3950000,1675000,4650000,4
Toyota,Shell,Standard,Diesel,1996,3258333,3000000,2625000,4150000,3
Toyota,Townace,Standard,Diesel,1980,640000,640000,640000,640000,1
Toyota,Townace,Standard,Diesel,1982,2300000,2300000,2100000,2500000,2
Toyota,Townace,Standard,Diesel,1984,2140000,2050000,2000000,2460000,4
Toyota,Townace,Standard,Diesel,1985,2213636,2150000,1790000,2530000,11
Toyota,Townace,Standard,Diesel,1986,2561429,2580000,2175000,3000000,7
Toyota,Townace,Standard,Diesel,1987,2518478,2550000,2200000,2675000,23
Toyota,Townace,Standard,Diesel,1988,2632308,2590000,2175000,2975000,13
Toyota,Townace,Standard,Diesel,1989,3183913,3275000,2390000,3850000,23
Toyota,Townace,Standard,Diesel,1990,3413684,3475000,3000000,3800000,19
Toyota,Townace,Standard,Diesel,1991,3612361,3697500,2500000,4150000,36
Toyota,Townace,Standard,Diesel,1992,4221774,4450000,2990000,5300000,31
Toyota,Townace,Standard,Diesel,1993,4724444,4737500,3975000,5350000,18
Toyota,Townace,Standard,Diesel,1994,4980227,4985000,4100000,5800000,22
Toyota,Townace,Standard,Diesel,1995,5189792,5225000,4500000,6200000,24
Toyota,Townace,Standard,Diesel,1996,5419231,5700000,4300000,6200000,13
Toyota,Townace,Standard,Diesel,1997,5798077,5850000,4250000,6700000,13
Toyota,Townace,Standard,Diesel,1998,6003636,6025000,4500000,7500000,22
Toyota,Townace,Standard,Diesel,1999,7025500,6845000,6200000,8250000,10
Toyota,Townace,Standard,Diesel,2000,6547222,6500000,4875000,7850000,9
Toyota,Townace,Standard,Diesel,2001,6633333,7200000,5400000,7250000,6
Toyota,Townace,Standard,Diesel,2002,7717500,7717500,6575000,8860000,2
Toyota,Townace,Standard,Diesel,2007,7550000,7550000,7450000,7650000,2
Toyota,Townace,Standard,Diesel,2008,5600000,5600000,5600000,5600000,1
Toyota,Townace,Standard,Petrol,1980,925000,925000,875000,975000,2
Toyota,Townace,Standard,Petrol,1981,750000,750000,750000,750000,2
Toyota,Townace,Standard,Petrol,1982,1250000,1250000,1250000,1250000,1
Toyota,Townace,Standard,Petrol,1985,2200000,2200000,2150000,2250000,2
Toyota,Townace,Standard,Petrol,1986,2683333,2650000,2650000,2750000,3
Toyota,Townace,Standard,Petrol,1987,1800000,1800000,1800000,1800000,1
Toyota,Townace,Standard,Petrol,1988,2000000,2000000,2000000,2000000,1
Toyota,Townace,Standard,Petrol,1994,4490000,4490000,4490000,4490000,1
Toyota,Townace,Standard,Petrol,1996,5750000,5750000,5750000,5750000,1
Toyota,Townace,Standard,Petrol,1998,5800000,5800000,5800000,5800000,1
Toyota,Townace,Standard,Petrol,1999,6374167,6422500,5400000,7500000,6
Toyota,Townace,Standard,Petrol,2001,6575000,6575000,6575000,6575000,1
Toyota,Townace,Standard,Petrol,2002,7025000,6900000,6550000,7750000,4
Toyota,Townace,Standard,Petrol,2008,6190000,6200000,5800000,6600000,5
Toyota,Townace,Standard,Petrol,2011,7342000,7600000,6200000,7895000,7
Toyota,Townace,Standard,Petrol,2012,8550000,8550000,7350000,9750000,2
Toyota,Trh,Standard,Diesel,2012,18500000,18500000,18500000,18500000,1
Toyota,Trh,Standard,Petrol,2012,20850000,20850000,16900000,24800000,2
Toyota,Unknown,Standard,Diesel,1989,3800000,3800000,3800000,3800000,1
Toyota,Unknown,Standard,Diesel,1991,2812500,2812500,2550000,3075000,2
Toyota,Unknown,Standard,Petrol,1989,900000,900000,900000,900000,1
Toyota,Vellfire,Standard,Hybrid,2012,28500000,28500000,28000000,29000000,2
Toyota,Voxy,Standard,Hybrid,2014,16725000,16725000,16200000,17200000,6
Toyota,Voxy,Standard,Hybrid,2015,16181429,15975000,15300000,17200000,7
Toyota,Voxy,Standard,Petrol,2014,16637500,16600000,15850000,17500000,4
Toyota,Voxy,Standard,Petrol,2015,16000000,16000000,16000000,16000000,1
