Title,Price,Location_Category,Link
Dell Latitude 7480 Laptop,"Rs 73,000","Kandy, Computers & Tablets",https://ikman.lk/en/ad/dell-latitude-7480-laptop-for-sale-kandy
laptop prology screen extender,"Rs 149,990","Colombo, Computer Accessories",https://ikman.lk/en/ad/laptop-prology-screen-extender-for-sale-colombo-34
Thinkpad T495s +Ryzen 5 Pro +8GB|256GB|2GB VGA Laptops,"Rs 79,500","Colombo, Computers & Tablets",https://ikman.lk/en/ad/thinkpad-t495s-ryzen-5-pro-8gb256gb2gb-vga-laptops-for-sale-colombo
Inverter Charger for car Phone / laptop 12v to 230v 150w new,"Rs 7,500","Colombo, Other Electronics",https://ikman.lk/en/ad/inverter-charger-for-car-phone-laptop-12v-to-230v-150w-new-for-sale-colombo-4
Lenovo Laptop Chargers,"Rs 2,950","Colombo, Computer Accessories",https://ikman.lk/en/ad/lenovo-laptop-chargers-for-sale-colombo-1
Thinkpad T495s +Ryzen 5 Pro +|256GB|2GB VGA Laptops |New Condition,"Rs 79,500","Colombo, Computers & Tablets",https://ikman.lk/en/ad/thinkpad-t495s-ryzen-5-pro-256gb2gb-vga-laptops-new-condition-for-sale-colombo
"Laptop i5 i7 6th 13th (8/16GB RAM|256GB NVME) Touch|14"" FHD|Gaming","Rs 76,450","Gampaha, Computers & Tablets",https://ikman.lk/en/ad/laptop-i5-i7-6th-13th-8-16gb-ram256gb-nvme-touch14-fhdgaming-for-sale-gampaha
Lenovo Core i7 8Gen 8GB RAM 2TB HDD Radeon Graphics Professional Laptops,"Rs 84,990","Gampaha, Computers & Tablets",https://ikman.lk/en/ad/lenovo-core-i7-8gen-8gb-ram-2tb-hdd-radeon-graphics-professional-laptops-for-sale-gampaha-4
HP Core i5 12th Gen 16GB RAM 512GB NVME Professional Laptop,"Rs 189,990","Gampaha, Computers & Tablets",https://ikman.lk/en/ad/hp-core-i5-12th-gen-16gb-ram-512gb-nvme-professional-laptop-for-sale-gampaha
N/A,N/A,N/A,N/A
"Laptop Rams DDR3,DDR4","Rs 1,490","Colombo, Computer Accessories",https://ikman.lk/en/ad/laptop-rams-ddr3ddr4-for-sale-colombo-3
Toshiba Laptop,"Rs 20,000","Kandy, Computers & Tablets",https://ikman.lk/en/ad/toshiba-lap-for-sale-kandy-9
Acer nitro V15 Gaming laptop,"Rs 220,000","Colombo, Computers & Tablets",https://ikman.lk/en/ad/acer-nitro-v15-gaming-laptop-for-sale-for-sale-colombo
Singer Laptop,"Rs 29,000","Trincomalee, Computers & Tablets",https://ikman.lk/en/ad/telta-for-sale-trincomalee
I5 11gen Laptop,"Rs 75,000","Kurunegala, Computers & Tablets",https://ikman.lk/en/ad/i5-11gen-laptop-for-sale-kurunegala
Aser Aspire 3 Laptop,"Rs 16,000","Colombo, Computers & Tablets",https://ikman.lk/en/ad/aser-aspire-3-for-sale-colombo
Travel Mate P4 14 Laptop,"Rs 140,000","Jaffna, Computers & Tablets",https://ikman.lk/en/ad/laptop-for-sale-jaffna-727
MSI Laptop,"Rs 157,000","Anuradhapura, Computers & Tablets",https://ikman.lk/en/ad/selling-for-a-urgent-reason-for-sale-anuradhapura
Apple MacBook Pro A1278 Mid 2010 Laptop For Parts,"Rs 5,000","Colombo, Computer Accessories",https://ikman.lk/en/ad/apple-macbook-pro-a1278-mid-2010-laptop-for-parts-for-sale-colombo-1
HP Laptop,"Rs 110,000","Trincomalee, Computers & Tablets",https://ikman.lk/en/ad/hp-laptop-for-sale-trincomalee-76
Dell Laptop,"Rs 29,500","Kurunegala, Computers & Tablets",https://ikman.lk/en/ad/dell-for-sale-kurunegala-4
Samsung Laptop,"Rs 12,000","Trincomalee, Computers & Tablets",https://ikman.lk/en/ad/samsung-for-sale-trincomalee-2
Asus Laptop,"Rs 40,000","Badulla, Computers & Tablets",https://ikman.lk/en/ad/asus-laptop-for-sale-badulla-9
Asus i3 1.90Ghz 4th Gen 8GB 256GB Laptop,"Rs 39,500","Gampaha, Computers & Tablets",https://ikman.lk/en/ad/asus-i3-190ghz-04th-gen-08gb-256gb-laptop-for-sale-gampaha
Dell Laptop,"Rs 110,000","Colombo, Computers & Tablets",https://ikman.lk/en/ad/dell-for-sale-colombo-98
LAPTOP HINGES REPIAR ACER-HP-DELL-ASUS-TOSHIBA-LENOVO VISIT-ONTIME,"Rs 1,500","Colombo, Domestic Services",https://ikman.lk/en/ad/laptop-hinges-repiar-acer-hp-dell-asus-toshiba-lenovo-visit-ontime-for-sale-colombo
Samsung Laptop,"Rs 21,000","Ratnapura, Computers & Tablets",https://ikman.lk/en/ad/mudl-hdisiyk-nisaa-itaa-ikmnin-vikinniimtt-for-sale-ratnapura
"Gaming Laptop i7 7th Gen - GTX 1050, 1060|8GB RAM|256GB SSD NVME","Rs 148,000","Gampaha, Computers & Tablets",https://ikman.lk/en/ad/gaming-laptop-i7-7th-gen-gtx-1050-10608gb-ram256gb-ssd-nvme-for-sale-gampaha
Asus TUF Gaming A15 (RTX 4060 8GB) Laptop,"Rs 300,000","Colombo, Computers & Tablets",https://ikman.lk/en/ad/asus-tuf-gaming-a15-rtx-4060-8gb-for-sale-for-sale-colombo-1
Dell Latitude 5420 - i7 11th Gen Laptop,"Rs 133,500","Colombo, Computers & Tablets",https://ikman.lk/en/ad/dell-latitude-5420-i7-11th-gen-laptop-for-sale-colombo-12
Dell Latitude 3410 - 10th Gen i7 Laptop,"Rs 117,000","Kandy, Computers & Tablets",https://ikman.lk/en/ad/dell-latitude-3410-10th-gen-i7-laptop-for-sale-kandy-8
HP Pavillion Gaming Laptop,"Rs 115,000","Colombo, Computers & Tablets",https://ikman.lk/en/ad/hp-pavillion-gaming-laptop-for-sale-colombo
MSI Stealth GS66 - i7 12th Gen Graphics Laptop,"Rs 334,500","Colombo, Computers & Tablets",https://ikman.lk/en/ad/msi-stealth-gs66-i7-12th-gen-graphics-laptop-for-sale-colombo-9
Acer Laptop,"Rs 75,000","Kurunegala, Computers & Tablets",https://ikman.lk/en/ad/laptop-for-sale-kurunegala-1334
"Laptop i7 7th Gen (8GB RAM|256GB SSD NVME) Lenovo - Wi-Fi|WEBCAM|14"" FHD","Rs 76,450","Gampaha, Computers & Tablets",https://ikman.lk/en/ad/laptop-i7-7th-gen-8gb-ram256gb-ssd-nvme-lenovo-wi-fiwebcam14-fhd-for-sale-gampaha-1
N/A,N/A,N/A,N/A
Lenovo ThinkPad T490 - 8th Gen i5 Laptop,"Rs 92,500","Kandy, Computers & Tablets",https://ikman.lk/en/ad/lenovo-thinkpad-t490-8th-gen-i5-laptop-for-sale-kandy-13
Dell Latitude 5480 6th Gen - i5 Laptop,"Rs 61,500","Kurunegala, Computers & Tablets",https://ikman.lk/en/ad/dell-latitude-5480-6th-gen-i5-laptop-for-sale-kurunegala
Dell Latitude 5490 - 8th Gen i5 Laptop,"Rs 79,000","Colombo, Computers & Tablets",https://ikman.lk/en/ad/dell-latitude-5490-8th-gen-i5-laptop-for-sale-colombo-13
Dell Laptop Charger,"Rs 3,000","Kandy, Computer Accessories",https://ikman.lk/en/ad/dell-laptop-charger-for-sale-kandy
Laptop Keyboard -E5-573 | E5-575G Replacing Service,,"Colombo, Domestic Services",https://ikman.lk/en/ad/laptop-keyboard-e5-573-e5-575g-replacing-service-for-sale-colombo
HP EliteBook 8th Gen - 15.6 Inch Laptop,"Rs 97,500","Kandy, Computers & Tablets",https://ikman.lk/en/ad/hp-elitebook-8th-gen-156-inch-laptop-for-sale-kandy-2
Dell Latitude E5440 - i5 4th Gen Laptop,"Rs 49,000","Kurunegala, Computers & Tablets",https://ikman.lk/en/ad/dell-latitude-e5440-i5-4th-gen-laptop-for-sale-kurunegala-1
Dell Chromebook Laptop,"Rs 10,000","Anuradhapura, Computers & Tablets",https://ikman.lk/en/ad/good-work-for-sale-anuradhapura
HP EliteBook 10th Gen - 15.6 Inch Laptop,"Rs 126,500","Colombo, Computers & Tablets",https://ikman.lk/en/ad/hp-elitebook-10th-gen-156-inch-laptop-for-sale-colombo-3
1TB Laptop Hard Drive With USB 3.1 Disk Enclosure,"Rs 12,000","Colombo, Computer Accessories",https://ikman.lk/en/ad/1tb-laptop-hard-drive-with-usb-31-disk-enclosure-for-sale-colombo
HP Laptop,"Rs 32,000","Colombo, Computers & Tablets",https://ikman.lk/en/ad/laptop-for-sale-colombo-5752
Acer Laptop,"Rs 33,000","Jaffna, Computers & Tablets",https://ikman.lk/en/ad/acer-labtop-for-sale-jaffna
"Dell Latitude 5510 - i5 10th Gen -8GB RAM /256GB NVME +15.6 Inch Laptop,","Rs 97,999","Colombo, Computers & Tablets",https://ikman.lk/en/ad/dell-latitude-5510-i5-10th-gen-8gb-ram-256gb-nvme-156-inch-laptop-for-sale-colombo-33
Dell Latitude 5520 - i5 11th Gen + 8GB RAM /256GB NVME-15.6 Inch Laptop,"Rs 109,999","Colombo, Computers & Tablets",https://ikman.lk/en/ad/dell-latitude-5520-i5-11th-gen-8gb-ram-256gb-nvme-156-inch-laptop-for-sale-colombo-57
Dell inspiron 5590 i7 10th Gen -MX250 2GB Dedicated VGA 8GB RAM Laptop,"Rs 135,000","Colombo, Computers & Tablets",https://ikman.lk/en/ad/dell-inspiron-5590-i7-10th-gen-mx250-2gb-dedicated-vga-8gb-ram-laptop-for-sale-colombo-5
ASUS VIVOBOOK - RYZEN 5 + 16GB RAM / 512GB NVME SSD 15.6 Inch Laptop,"Rs 192,000","Colombo, Computers & Tablets",https://ikman.lk/en/ad/asus-vivobook-ryzen-5-16gb-ram-512gb-nvme-ssd-156-inch-laptop-for-sale-colombo-27
