Title,Price,Location_Category,Link,Brand,Model,Condition,RAM,Storage,Description
DELL LATITUDE 5470 INTEL CORE I5 6TH GEN / 8GB RAM / 256GB SSD USED LAPTOP,"Rs 59,000.00",MD Computers,https://mdcomputers.lk/product/dell-latitude-5470-intel-core-i5-6th-gen-8gb-ram-256gb-ssd-used-laptop/,Dell,Unknown,Used,8GB,256 SSD,GOOD CONDITION MODEL – DELL LATITUDE 5470 / 5480 / 7470 BRAND – DELL PROCESSOR – INTEL CORE I5 6TH GEN Memory – DDR4 8GB RAM STORAGE – 256GB SSD WEBCAM ; 720P HD Webcam WIFI : AVAILABLE 03 MONTH HARDWARE WARRANTY 01 YEARS SERVICE WARRANTY
DELL LATITUDE 7390 CORE I5 8TH GEN / 8GB RAM / 256GB SSD USED LAPTOP( TOUCHPAD NOT WORKING ),"Rs 65,000.00",MD Computers,https://mdcomputers.lk/product/dell-latitude-7390-core-i5-8th-gen-8gb-ram-256gb-ssd-used-laptop/,Dell,Unknown,Used,8GB,256 SSD,⭕ TOUCHPAD NOT WORKING ⭕ GENERATION – INTEL CORE I5 8TH GENERATION PROCESSOR⭕ BRAND – DELL⭕ MODEL – DELL LATITUDE 7390⭕  RAM / MEMORY – DDR4 8GB RAM⭕ HARD DISK – 256GB M.2 SSD⭕ SCREEN – 13.3 INCH FULLHD  DISPLAY⭕ HD Web Cam⭕ USB 3.0⭕ Network⭕ 3.5mm Jack⭕ CAMERA : HD WEB CAM⭕ BLUETOOTH : AVAILABLE
DELL LATITUDE 5400 – INTEL CORE I5 8TH GEN / 8GB RAM / 256GB NVME SSD USED LAPTOP,"Rs 73,000.00",MD Computers,https://mdcomputers.lk/product/dell-latitude-5400-core-i5-8th-gen-8gb-ram-256gb-nvme-ssd-used-touch-laptop/,Dell,Unknown,Used,8GB,256 NVME,⭕ GOOD CONDITION⭕ Dell Latitude CORE I5 8TH GEN Laptop⭕ Dell Latitude 5400⭕ Memory : DDR4 8GB RAM⭕ Display Type : 14 INCH⭕ HARD DISK- 256GB SSD⭕ Camera ; HD Webcam⭕ WIFI : AVAILABLE👉 03 MONTH HARDWARE WARRANTY👉 01 YEARS SERVICE WARRANTY
DELL LATITUDE 3400 – INTEL CORE I5 8TH GEN 8GB RAM 256GB SSD USED LAPTOP,"Rs 73,000.00",MD Computers,https://mdcomputers.lk/product/dell-latitude-3400-intel-core-i5-8th-gen-8g/,Dell,Unknown,Used,8GB,256 SSD,"Dell Latitude 3400 – Intel Core i5 8th Gen ReviewThe Dell Latitude 3400 powered by an Intel Core i5 8th Generation processor is a reliable business-class laptop built for productivity, durability, and everyday performance. Designed primarily for professionals, students, and office users, the Latitude 3400 combines solid performance with a sturdy chassis and enterprise-level reliability. Whether you’re working on documents, browsing the web, attending online meetings, or multitasking with multiple applications, this laptop delivers smooth and dependable performance.Unlike many consumer laptops, the Latitude series is engineered for long-term use, offering better build quality, easier maintenance, and enhanced security features. Even though it’s a few generations old, the Dell Latitude 3400 remains an excellent option for users seeking a dependable laptop for work, study, and general computing at an affordable price.PerformanceAt the heart of the Dell Latitude 3400 is the Intel Core i5 8th Generation processor, commonly available as the Intel Core i5-8265U or Intel Core i5-8250U depending on the configuration. Both processors feature 4 cores and 8 threads, providing excellent multitasking capabilities compared to older dual-core processors.The processor can comfortably handle everyday tasks such as:Microsoft Office applicationsWeb browsing with multiple tabsOnline learningVideo conferencingEmail managementProgrammingAccounting softwarePhoto editingMedia streamingCombined with an SSD, the system boots quickly and applications load significantly faster than traditional hard drives.DisplayThe Dell Latitude 3400 features a 14-inch Full HD (1920 × 1080) anti-glare display on most models, delivering sharp text and vibrant visuals. Some entry-level versions may include an HD (1366 × 768) display, but the Full HD option is recommended for better image quality and workspace.The anti-glare coating helps reduce reflections, making the laptop comfortable to use under office lighting or near windows.GraphicsGraphics are handled by the integrated Intel UHD Graphics 620, which is suitable for:Office workYouTube and Netflix streamingWeb browsingPhoto editingLight video editingCasual gamingEducational applicationsAlthough not intended for demanding AAA games, it can run lightweight games such as Minecraft, Valorant (low settings), League of Legends, Dota 2, and older titles.Memory and StorageThe Latitude 3400 supports DDR4 memory, allowing users to upgrade for improved multitasking.Typical configurations include:8GB DDR4 RAM (Upgradeable)Storage options generally include:256GB NVMe SSDThe SSD significantly improves system responsiveness and overall performance.Build QualityOne of the strongest advantages of the Latitude series is its durable business-class construction.The chassis is designed to withstand daily use while remaining relatively lightweight. The hinge mechanism feels solid, and the keyboard deck exhibits minimal flex, making the laptop dependable for professionals who frequently travel or carry their devices between work locations.Keyboard and TouchpadDell’s keyboard offers a comfortable typing experience with well-spaced keys and good travel distance. It is ideal for users who spend long hours typing reports, emails, or assignments.The precision touchpad supports Windows multi-touch gestures and provides smooth tracking with responsive clicks.Some models also feature a backlit keyboard, depending on the configuration.ConnectivityThe Latitude 3400 offers a wide range of connectivity options:USB 3.1 Gen 1 PortsUSB Type-CHDMIRJ-45 Ethernet PortSD Card ReaderAudio Combo JackWi-FiBluetoothThese ports make it easy to connect external monitors, storage devices, projectors, and other peripherals without needing additional adapters.Battery LifeBattery performance depends on usage and battery health, but users can generally expect:6–8 hours of office work5–7 hours of web browsing4–6 hours of video playbackBattery life may vary, especially on refurbished units, depending on battery condition.Security FeaturesBeing a business laptop, the Latitude 3400 may include:TPM 2.0 Security ChipFingerprint Reader (optional)Smart Card Reader (optional)BIOS Security FeaturesDell Data Protection SupportThese features help protect business and personal information.SpecificationsFeatureSpecificationModelDell Latitude 3400ProcessorIntel Core i5 8th Generation (i5-8250U / i5-8265U)Processor Cores4 Cores / 8 ThreadsBase Clock1.6 GHzTurbo BoostUp to 3.9 GHzGraphicsIntel UHD Graphics 620Display Size14-inchResolutionHD (1366×768) or Full HD (1920×1080)RAM8GB (Upgradeable)Storage256GBOperating SystemWindows 10 Pro / Windows 11 Pro (Supported)WirelessWi-Fi + BluetoothEthernetGigabit LANWebcamHD WebcamAudioStereo SpeakersPortsUSB 3.1, USB Type-C, HDMI, RJ-45, SD Card Reader, Audio JackBattery3-Cell Lithium-IonWeightApproximately 1.67 kgColorBlackProsPowerful 8th Gen quad-core processorBusiness-grade build qualityExcellent keyboardUpgradeable RAM and storageFast SSD supportFull HD display availableGood selection of portsReliable performance for work and studyLightweight and portableSuitable for Windows 11ConsIntegrated graphics are not suitable for high-end gamingDisplay brightness is average compared to premium laptopsBattery life depends on battery condition (especially refurbished units)No dedicated graphics cardFinal VerdictThe Dell Latitude 3400 with Intel Core i5 8th Gen remains an excellent business laptop for users who need dependable everyday performance. Its quad-core processor, upgradeable memory, SSD support, durable build quality, and comfortable keyboard make it ideal for office work, online learning, programming, web browsing, and general productivity.If you’re purchasing a refurbished or used unit, it offers outstanding value for money, especially when configured with 8GB or 16GB RAM and an SSD. While it isn’t designed for heavy gaming or professional 3D rendering, it excels in the tasks most users perform daily, making it a smart investment for students, professionals, and small businesses looking for a reliable and affordable laptop. 03 MONTH HARDWARE WARRANTY 01 YEARS SERVICE WARRANTY CONTAC US MORE DETAILSLOCATION : Opposite Of NSB Bank Homagama"
LENOVO THINKPAD T480s – INTEL CORE I5 8TH GEN /8GB RAM / 256GB NVME SSD USED LAPTOP,"Rs 75,000.00",MD Computers,https://mdcomputers.lk/product/lenovo-thinkpad-t480s-intel-core-i5-8th-gen-8gb-ram-256gb-nvme-ssd-used-laptop/,LENOVO,Unknown,Used,8GB,256 NVME,⭕ GOOD CONDITION⭕ MODEL – LENOVO THINKPAD T480s⭕ BRAND – LENOVO⭕ PROCESSOR – INTEL CORE I5 8TH GEN⭕ MEMORY – DDR4 8GB RAM⭕ DISPLAY – 14 INCH FULL HD (1920 x 1080)⭕ STORAGE – 256GB NVME SSD⭕ WIFI : AVAILABLE⭕ Windows 11 👉 03 MONTH HARDWARE WARRANTY👉 01 YEARS SERVICE WARRANTY
DELL LATITUDE  7400 INTEL CORE I5 8TH GEN 8GB RAM 256GB NVME USED LAPTOP,"Rs 79,000.00",MD Computers,https://mdcomputers.lk/product/dell-latitude-7400-intel-core-i7-8th-gen-8gb-ram-256gb-nvme-used-laptop/,Dell,Unknown,Used,8GB,256 NVME,⭕ GOOD CONDITION⭕ MODEL – DELL LATITUDE 7400⭕ BRAND – DELL⭕ PROCESSOR – INTEL CORE I5 8TH GEN⭕ Memory – DDR4 8GB RAM⭕ Display Type – 14 INCH FHD (1920 x 1080) IPS PANAL⭕ STORAGE – 256GB SSD⭕ GRAPHICS – Intel UHD Graphics 620 ⭕ WEBCAM – 720P HD Webcam⭕ WIFI : AVAILABLE⭕ Windows 11 👉 03 MONTH HARDWARE WARRANTY👉 01 YEARS SERVICE WARRANTY
HP PROBOOK 645 G4 – RYZEN 7 / 8GB RAM / 256GB NVME SSD USED LAPTOP,"Rs 79,000.00",MD Computers,https://mdcomputers.lk/product/hp-probook-645-g4-ryzen-7-8gb-ram-256gb-nvme-ssd-used-laptop/,HP,Unknown,Used,8GB,256 NVME,⭕ GOOD CONDITION⭕ BRAND – HP⭕ MODEL – PROBOOK 645 G4⭕ PROCESSOR – AMD RYZEN 7 PRO 2700U⭕ RAM – DDR4 8GB⭕ SSD – 256GB NVME SSD⭕ AMD REDEION (TM ) VEGA 10 GRAPHICS⭕ WEBCAM👉03 MONTH HARDWARE WARRANTY👉01 YEARS SERVICE WARRANTY
LENOVO THINKPAD T580 – INTEL CORE I5 8TH GEN / 8GB RAM / 256GB SSD / 15.6″ FHD USED LAPTOP,"Rs 85,000.00",MD Computers,https://mdcomputers.lk/product/lenovo-thinkpad-t580-intel-core-i5-8th-gen-8gb-ram-256gb-ssd-15-6%e2%80%b3-fhd-used-laptop/,LENOVO,Unknown,Used,8GB,256 SSD,"LENOVO THINKPAD T580 – INTEL CORE I5 8TH GenENSPECIFICATION:Display – 15.6″ (396mm) FHD (1920×1080), anti-glare, LED backlight, WVA, 250 nits, 16:9 aspect ratio
Processor – Intel® Core™ i5-8250U Processor Cache, Quad Core with Turbo Boost up to 3.40 GHz
Memory – 8GB DDR4 RAM
Storage – 256GB SSD
Graphics – Intel® UHD 620
Camera – 720p HD Camera with ThinkShutter with dual-array microphones
KeyBoard – US with Numeric
Operating System – Windows® 11 Pro1 × Thunderbolt 3 (USB-C)1 × USB-C2 × USB 3.1 Gen 11 × HDMI1 × RJ-45 Ethernet1 × 3.5mm Audio Combo Jack1 × MicroSD Card ReaderOptional Smart Card ReaderOptional SIM Slot (WWAN models)PerformanceExcellent for Office workWeb browsing & multitaskingMicrosoft OfficeZoom & Teams meetingsPhotoshop (Light to Moderate)Programming & Software DevelopmentAutoCAD (Basic 2D)Video Editing (1080p Light)Business and professional useUpgrade OptionsRAM: Up to 32GB (Official) / 64GB (Community-tested on some units)Storage: Upgrade to high-speed NVMe SSDBattery: Replaceable external battery for extended runtimeKey FeaturesMilitary-grade durability (MIL-STD tested)Excellent ThinkPad keyboardFull-size numeric keypadUSB-C & Thunderbolt 3 supportLong battery life with Power Bridge technologyEasy RAM and SSD upgradesBusiness-class security featuresThe ThinkPad T580 with an 8th Gen Intel Core i5 remains a reliable business laptop, offering strong multitasking performance, upgradeability, and excellent build quality. It is well suited for office work, study, programming, and everyday productivity."
HP ELITEBOOK 840 G7 CORE I7 10TH GEN / 8GB RAM / 256GB NVME SSD USED LAPTOP ( CAMERA ERROR ),"Rs 89,000.00",MD Computers,https://mdcomputers.lk/product/hp-elitebook-840-g7-core-i7-10th-gen-8gb-ram-256gb-nvme-ssd-used-laptop-camera-error/,HP,Unknown,Used,8GB,256 NVME,⭕ CONDITION – CAMERA ERROR⭕ BRAND – HP⭕ MODEL – HP ELITEBOOK 840 G7⭕ PROCESSOR – CORE I7 10TH GEN⭕ MEMORY – 8GB RAM⭕ SSD – 256GB NVME SSD⭕ WIFI : AVAILABLE⭕ Windows 11
HP ELITEBOOK 850 G5/ G6 – CORE I5 8TH – 15.6 INCH –  8GB RAM – 256GB NVME SSD – USED LAPTOP,"Rs 90,000.00",MD Computers,https://mdcomputers.lk/product/elitebook-850-g6-core-i5-8th-gen-8gb-ram-256-nvme-ssd-laptop/,HP,Unknown,Used,8GB,256 NVME,⭕ GOOD CONDITION⭕ BRAND – HP⭕ MODEL – ELITEBOOK 850 G6 / G5⭕ GENERATION – I5 8TH GEN⭕ RAM – 8GB⭕ SSD – 256GB NVME SSD⭕ Inbuilt Microphone Yes⭕ Webcam Yes👉03 MONTH HARDWARE WARRANTY👉01 YEARS SERVICE WARRANTY👉📞CALL MORE DETAILS
DELL LATITUDE 5500 – CORE I7 8TH GEN / 8GB RAM / 256GB NVME SSD USED LAPTOP,"Rs 92,000.00",MD Computers,https://mdcomputers.lk/product/dell-latitude-5500-core-i7-8th-gen-8gb-ram-256gb-nvme-ssd-used-laptop/,Dell,Unknown,Used,8GB,256 NVME,⭕ GOOD CONDITION⭕ DELL LATITUDE 5500⭕ PROCESSOR CORE I7 8TH GEN⭕ Memory : DDR4 8GB RAM⭕ Display Type : Screen 15.6 INCH FULLHD SCREEN⭕ HARD DISK- 256GB NVME SSD⭕ Camera ; HD Webcam⭕ WIFI : AVAILABLE⭕ WINDOWS 10 & 11 👉 03 MONTH HARDWARE WARRANTY👉 01 YEARS SERVICE WARRANTY
DELL LATITUDE 5510 – I5 10TH GEN / 8GB RAM / 256GB NVME SSD USED LAPTOP,"Rs 92,000.00",MD Computers,https://mdcomputers.lk/product/dell-latitude-5510-i5-10th-gen-8gb-ram-256gb-nvme-ssd-used-laptop/,Dell,Unknown,Used,8GB,256 NVME,GOOD CONDITION GENERATION – INTEL CORE I5 10TH GENERATION PROCESSOR BRAND – DELL MODEL – DELL LATITUDE 5510  RAM / MEMORY – DDR4 8GB RAM HARD DISK – 256GB NVME SSD SCREEN – 15.6 INCH FULLHD  DISPLAY CAMERA : HD WEB CAM BLUETOOTH : AVAILABLE 03 MONTH HARDWARE WARRANTY  01 YEAR SERVICE WARRANTY
HP ELITEBOOK 840 G7 CORE I5 10TH GEN / 8GB RAM / 256GB NVME SSD USED LAPTOP,"Rs 93,000.00",MD Computers,https://mdcomputers.lk/product/hp-elitebook-840-g7-i5-10th-8gb-256gb-laptop/,HP,Unknown,Used,8GB,256 NVME,⭕ CONDITION – GOOD CONDITION⭕ BRAND – HP⭕ MODEL – HP ELITEBOOK 840 G7⭕ PROCESSOR – INTEL CORE I5 10TH GEN⭕ MEMORY – DDR4 8GB⭕ STORAGE – 256GB NVME M.2 SSD⭕ DISPLAY – 14-INCH DIAGONAL FHD (1920 x 1080) IPS ANTI-GLARE⭕ GRAPHICS – INTEGRATED INTEL UHD GRAPHICS 👉 03 MONTH HARDWARE WARRANTY👉 01 YEARS SERVICE WARRANTY
DELL LATITUDE 3510 – CORE I5 10TH GEN – 8GB RAM – 256GB NVME SSD USED LAPTOP,"Rs 93,000.00",MD Computers,https://mdcomputers.lk/product/dell-vostro-3510-core-i5-10th-gen-8gb-ram-256gb-ssd-used-laptop/,Dell,Unknown,Used,8GB,256 NVME,⭕ GOOD CONDITION⭕ BRAND – DELL⭕ MODEL – Dell LATITUDE 3510⭕ PROCESSOR – INTEL CORE I5 10TH GEN⭕ MEMORY : DDR4 8GB RAM CARD⭕ Display Type : Screen 15.6 INCH FULLHD SCREEN DISPLAY⭕ HARD DISK- 256GB M.2 SSD⭕ BACKLIT KEYBOARD⭕ Camera ; HD Webcam⭕ WIFI : AVAILABLE⭕ Finger Prin👉 03 MONTH HARDWARE WARRANTY👉 01 YEARS SERVICE WARRANTY
DELL LATITUDE 5420 – INTEL CORE I5 11TH GEN / 8GB RAM /256GB NVME SSD USED LAPTOP,"Rs 95,000.00",MD Computers,https://mdcomputers.lk/product/dell-latitude-5420-i5-11th-gen-8gb-ram-256gb-nvme-ssd-laptop/,Dell,Unknown,Used,8GB,256 NVME,⭕ GOOD CONDITION⭕Dell Latitude -Core i5 11TH Gen +8GB RAM -256GB NVME SSD / Laptop⭕ Dell Latitude 5420⭕ CORE I5 11TH GEN PROCESSOR⭕ Memory : DDR4 8GB RAM CARD⭕ Display Type : Screen 14 INCH⭕ HARD DISK- 256GB M.2 SSD⭕ Camera ; HD Webcam⭕ WIFI : AVAILABLE👉 03 MONTH HARDWARE WARRANTY👉 01 YEARS SERVICE WARRANTY
DELL LATITUDE 3420 – INTEL CORE I5 11TH GEN -8GB RAM /256GB NVME SSD USED LAPTOP,"Rs 95,000.00",MD Computers,https://mdcomputers.lk/product/dell-latitude-3420-intel-core-i5-11th-gen-8gb-ram-256gb-nvme-ssd-used-laptop/,Dell,Unknown,Used,8GB,256 NVME,"Dell Latitude 3420 Intel Core i5 11th Gen Laptop – Business Performance with Premium ReliabilityThe Dell Latitude 3420 Intel Core i5 11th Gen Laptop is a premium business-class notebook designed to deliver exceptional performance, reliability, and portability for professionals, students, and home users alike. Powered by the 11th Generation Intel Core i5 processor, this laptop offers the perfect balance of speed and efficiency, making it an excellent choice for everyday computing, office work, online learning, programming, and multitasking.Whether you’re working from home, attending virtual meetings, managing business tasks, or enjoying entertainment, the Dell Latitude 3420 provides a smooth and responsive experience. With its durable build quality, lightweight design, and advanced connectivity options, this laptop is built to keep up with your daily productivity.Powerful 11th Generation Intel Core i5 ProcessorAt the heart of the Dell Latitude 3420 is the Intel Core i5-1135G7 11th Generation Processor, featuring 4 cores and 8 threads with Turbo Boost speeds up to 4.20GHz. This modern processor delivers outstanding performance for demanding office applications, web browsing with multiple tabs, Microsoft Office, accounting software, programming environments, and multimedia tasks.Compared to older generations, the 11th Gen Intel architecture offers improved processing power, better energy efficiency, and enhanced graphics performance, ensuring faster application loading and smoother multitasking.Brilliant 14-inch Full HD DisplayThe Dell Latitude 3420 features a 14-inch Full HD (1920 × 1080) Anti-Glare display that produces sharp text, vibrant colors, and excellent clarity. The anti-glare coating reduces reflections, allowing you to work comfortably in bright environments such as offices, classrooms, or outdoor spaces.Whether you’re editing documents, attending Zoom meetings, watching videos, or browsing the web, the Full HD screen delivers an enjoyable and productive viewing experience.Fast DDR4 Memory and NVMe SSD StorageThe Latitude 3420 supports high-speed DDR4 memory, allowing smooth multitasking even when multiple applications are running simultaneously. Users can easily upgrade the memory in the future to meet increasing workload demands.The included PCIe NVMe SSD provides significantly faster boot times, quicker software launches, and rapid file transfers compared to traditional hard drives. You’ll spend less time waiting and more time getting work done.Intel Iris Xe GraphicsEquipped with Intel Iris Xe Graphics, the Dell Latitude 3420 delivers impressive integrated graphics performance. It easily handles Full HD video playback, photo editing, presentations, and light creative workloads. Casual gaming and basic graphic design applications also run smoothly without requiring a dedicated graphics card.Built for Business ProductivityDell’s Latitude series is trusted worldwide by businesses because of its durability, reliability, and security features. The Latitude 3420 continues this tradition with a professional design that is ideal for office environments, educational institutions, and remote work.Its comfortable full-size keyboard provides an excellent typing experience during long working hours, while the precision touchpad ensures accurate navigation.Modern Connectivity OptionsStay connected wherever you work with a wide range of connectivity options, including:USB Type-C with DisplayPort and Power DeliveryUSB 3.2 Type-A portsUSB 2.0 portHDMI outputRJ-45 Ethernet portmicroSD card reader3.5mm headphone/microphone combo jackWi-Fi 6 supportBluetooth 5.x technologyThese versatile ports make it easy to connect external monitors, projectors, storage devices, printers, and other accessories without hassle.HD Webcam for Online MeetingsThe integrated HD webcam delivers clear video quality for online meetings, virtual classes, and video conferencing through platforms such as Zoom, Microsoft Teams, and Google Meet. Built-in microphones provide clear voice communication for professional conversations and online collaboration.Lightweight and Portable DesignWeighing approximately 1.5 kg, the Dell Latitude 3420 is easy to carry between the office, home, school, or client meetings. Its compact 14-inch form factor fits comfortably into backpacks and laptop bags, making it an excellent companion for users who travel frequently.Excellent Battery EfficiencyThanks to Intel’s energy-efficient 11th Generation architecture, the Latitude 3420 delivers reliable battery performance for everyday productivity. Combined with Dell’s intelligent power management features, users can confidently work throughout the day with fewer interruptions.Ideal ForThe Dell Latitude 3420 is perfect for:Business professionalsOffice usersStudentsTeachersProgrammersFreelancersAccountantsOnline classesRemote workersSmall business ownersEveryday home computingKey SpecificationsIntel Core i5-1135G7 11th Generation ProcessorIntel Iris Xe Graphics14-inch Full HD (1920 × 1080) Anti-Glare DisplayDDR4 RAM (Upgradeable)PCIe NVMe SSD StorageWi-Fi 6Bluetooth 5.xUSB Type-CHDMIRJ-45 LANHD WebcamWindows 11 CompatibleWhy Choose the Dell Latitude 3420?The Dell Latitude 3420 combines premium build quality, dependable business-class performance, and modern features in a compact, portable design. Whether you’re managing office tasks, studying online, working remotely, or handling everyday computing needs, this laptop offers the speed, reliability, and flexibility to keep you productive.Its powerful 11th Gen Intel Core i5 processor, Full HD display, upgradeable memory, fast NVMe SSD support, and extensive connectivity make it a smart long-term investment for users seeking a professional laptop at an excellent value. If you need a dependable notebook that delivers consistent performance day after day, the Dell Latitude 3420 is an outstanding choice.  03 MONTH HARDWARE WARRANTY 01 YEARS SERVICE WARRANTY CONTAC US MORE DETAILSLOCATION : Opposite Of NSB Bank Homagama"
HP ELITEBOOK X360 1040 G7 – INTEL CORE I5 10TH GEN / 16GB RAM / 256GB NVME SSD USED LAPTOP ( SCREEN NO TOUCH ),"Rs 99,000.00",MD Computers,https://mdcomputers.lk/product/hp-elitebook-x360-1040-g7-intel-core-i5-10th-gen-16gb-ram-256gb-nvme-ssd-used-laptop-screen-no-touch/,HP,Unknown,Used,16GB,256 NVME,SCREEN NO TOUCH GENERATION – CORE I5 10TH GEN BRAND – HP ELITEBOOK MODEL – X360 1040 G7 MEMORY –16GB RAM HARD DISK – 256GB NVME HD Web Cam USB 3.0 WINDOWS 10 & 11
LENOVO E15 – INTEL CORE I5 10TH GEN – 8GB RAM / 256GB NVME SSD USED LAPTOP,"Rs 100,000.00",MD Computers,https://mdcomputers.lk/product/lenovo-e15-intel-core-i5-10th-gen-8gb-ram-256gb-nvme-ssd-used-laptop/,LENOVO,Unknown,Used,8GB,256 NVME,⭕ GOOD CONDITION⭕ MODEL – LENOVO E15⭕ BRAND – LENOVO⭕ PROCESSOR – INTEL CORE I5 10TH GEN⭕ MEMORY – DDR4 8GB RAM⭕ DISPLAY TYPE  – 15 INCH ⭕ STORAGE – 256GB NVME SSD⭕ WINDOWS 11👉 03 MONTH HARDWARE WARRANTY👉 01 YEARS SERVICE WARRANTY
DELL LATITUDE 5420 – CORE I7 11TH GEN / 8GB RAM / 256GB SSD USED LAPTOP ( DISPLAY WHITE PATCH ),"Rs 102,000.00",MD Computers,https://mdcomputers.lk/product/dell-latitude-5420-core-i7-11th-gen-8gb-ram-256gb-ssd-used-laptop-display-white-patch/,Dell,Unknown,Used,8GB,256 SSD,"⭕ DISPLAY WHITE PATCH , HDMI NOT WORKING⭕ GENERATION – INTEL CORE I7 11TH GENERATION PROCESSOR⭕ BRAND – DELL⭕ MODEL – DELL LATITUDE 5420⭕  RAM / MEMORY – DDR4 8GB RAM⭕ HARD DISK – 256GB NVME SSD⭕ SCREEN – 14 INCH⭕ CAMERA : HD WEB CAM⭕ BLUETOOTH : AVAILABLE✔ 03 MONTH HARDWARE WARRANTY✔ 01 YEARS SERVICE WARRANTY"
DELL LATITUDE 5320 – INTEL CORE I5 11TH GEN 16GB RAM 256GB NVME SSD USED LAPTOP,"Rs 105,000.00",MD Computers,https://mdcomputers.lk/product/dell-latitude-5320-intel-core-i5-11th-gen-16gb-ram-256gb-nvme-ssd-used-2-in-1-laptop/,Dell,Unknown,Used,16GB,256 NVME,⭕ BRAND – DELL⭕ MODEL – DELL LATITUDE 5320⭕GENERATION – CORE I5 11TH GENERATION⭕ MEMORY – 16GB RAM⭕ STORAGE – 256GB NVME⭕ SCREEN SIZE – 13.3-INCH FHD (1920×1080) IPS⭕ WIRELESS – Wi-Fi 6 (802.11ax) + Bluetooth 5.1/5.2.⭕ CAMERA : HD WEB CAM⭕ WINDOWS 10 & 11👉 03 MONTH HARDWARE WARRANTY👉 01 YEARS SERVICE WARRANTY
HP ELITEBOOK 840 G8 – INTEL CORE I5 11TH GEN /8GB RAM / 256GB NVME SSD USED LAPTOP,"Rs 107,000.00",MD Computers,https://mdcomputers.lk/product/hp-elitebook-840-g8-intel-core-i5-11th-gen-8gb-ram-256gb-nvme-ssd-used-laptop/,HP,Unknown,Used,8GB,256 NVME,⭕ GOOD CONDITION⭕ BRAND – HP⭕ MODEL – ELITEBOOK 840 G8⭕ GENERATION – I5 11TH GEN⭕ RAM – DDR4 8GB⭕14 INCH⭕ SSD – 256GB M.2 SSD⭕ Inbuilt Microphone Yes⭕ Webcam Yes⭕ Audio Solution HD Audio Solution⭕ Speakers Two Integrated Stereo Speakers👉03 MONTH HARDWARE  WARRANTY👉01 YEARS SERVICE WARRANTY
HP ELITEBOOK 850 G7 – CORE I5 10TH GEN – 8GB RAM – 256GB NVME SSD USED LAPTOP,"Rs 108,000.00",MD Computers,https://mdcomputers.lk/product/hp-elitebook-850-g7-core-i5-10th-gen-8gb-ram-256gb-nvme-ssd-used-laptop/,HP,Unknown,Used,8GB,256 NVME,GOOD CONDITION HP ELITEBOOK 850 G7 CORE I5 10TH GEN PROCESSOR DDR4 8GB RAM CARD DISPLAY TYPE -SCREEN 15 INCH FULLHD DISPLAY HARD DISK- 256GB  SSD CAMERA – HD WEBCAM WIFI : AVAILABLE 03 MONTH HARDWARE WARRANTY 01 YEARS SERVICE WARRANTY
DELL LATITUDE 5430 – INTEL CORE I5 12TH GEN / 8GB RAM / 256GB NVME SSD USED LAPTOP,"Rs 112,000.00",MD Computers,https://mdcomputers.lk/product/dell-latitude-5430-intel-core-i5-12th-gen-8gb-ram-256gb-nvme-ssd-used-laptop/,Dell,Unknown,Used,8GB,256 NVME,GOOD CONDITION DELL LATITUDE  5430 CORE I5 12TH GEN PROCESSOR DDR4 8GB RAM CARD DISPLAY TYPE -SCREEN 14 INCH FULLHD DISPLAY HARD DISK- 256GB  SSD CAMERA – HD WEBCAM WIFI : AVAILABLE 03 MONTH HARDWARE WARRANTY 01 YEARS SERVICE WARRANTY
DELL LATITUDE 5430 – INTEL CORE I5 12TH GEN / 8GB RAM / 256GB NVME SSD REFUBLISH LAPTOP (WITH BOX),"Rs 127,000.00",MD Computers,https://mdcomputers.lk/product/dell-latitude-5430-intel-core-i5-12th-gen-8gb-ram-256gb-nvme-ssd-refublish-laptop-with-box/,Dell,Unknown,Used,8GB,256 NVME,REFUBLISH DELL LATITUDE  5430 CORE I5 12TH GEN PROCESSOR DDR4 8GB RAM CARD DISPLAY TYPE -SCREEN 14 INCH FULLHD DISPLAY HARD DISK- 256GB  SSD CAMERA – HD WEBCAM WIFI : AVAILABLE WITH BOX 06 MONTH HARDWARE WARRANTY 01 YEARS SERVICE WARRANTY
DELL LATITUDE 5530 – CORE I5 12TH GEN – 8GB RAM – 256GB SSD USED LAPTOP,"Rs 128,000.00",MD Computers,https://mdcomputers.lk/product/dell-latitude-5530-core-i5-12th-gen-16gb-ram-256gb-ssd-used-laptop/,Dell,Unknown,Used,8GB,256 SSD,⭕ GOOD CONDITION⭕ GENERATION – INTEL CORE I5 12TH GEN PROCESSOR⭕ BRAND – DELL⭕ MODEL – DELL LATITUDE 5530⭕  RAM / MEMORY – DDR4 8GB RAM⭕ STORAGE – 256GB SSD⭕ SCREEN – 15.6 INCH FULLHD  DISPLAY⭕ HD Web Cam⭕ CAMERA : HD WEB CAM⭕ BLUETOOTH : AVAILABLE✔ 03 MONTH HARDWARE WARRANTY✔ 01 YEARS SERVICE WARRANTY
DELL LATITUDE 5440 – CORE  I5 13TH GEN – 8GB RAM – 256GB NVME SSD USED LAPTOP,"Rs 140,000.00",MD Computers,https://mdcomputers.lk/product/dell-latitude-5440-core-i5-13th-gen-8gb-ram-256gb-nvme-ssd-used-laptop/,Dell,Unknown,Used,8GB,256 NVME,⭕ GOOD CONDITION⭕ MODEL – DELL LATITUDE 5440⭕ BRAND – DELL⭕ PROCESSOR – INTEL CORE I5 13TH GEN⭕ Memory – DDR4 8GB RAM⭕ STORAGE – 256GB SSD⭕ WEBCAM – 720P HD Webcam⭕ WIFI : AVAILABLE⭕ Windows 11 👉 03 MONTH HARDWARE WARRANTY👉 01 YEARS SERVICE WARRANTY
DELL LATITUDE 5530 – CORE I5 12TH GEN – 8GB RAM – 256GB SSD REFUBLISH LAPTOP (WITH BOX),"Rs 143,000.00",MD Computers,https://mdcomputers.lk/product/dell-latitude-5530-core-i5-12th-gen-8gb-ram-256gb-ssd-refublish-laptop-with-box/,Dell,Unknown,Used,8GB,256 SSD,⭕ REFUBLISH⭕ GENERATION – INTEL CORE I5 12TH GEN PROCESSOR⭕ BRAND – DELL⭕ MODEL – DELL LATITUDE 5530⭕  RAM / MEMORY – DDR4 8GB RAM⭕ STORAGE – 256GB SSD⭕ SCREEN – 15.6 INCH FULLHD  DISPLAY⭕ HD Web Cam⭕ CAMERA : HD WEB CAM⭕ BLUETOOTH : AVAILABLE⭕ WITH BOX✔ 06 MONTH HARDWARE WARRANTY✔ 01 YEARS SERVICE WARRANTY
HP ELITEBOOK 640 G9 –  INTEL CORE I5 12TH GEN –  16GB RAM  – 512GB NVME SSD USED LAPTOP,"Rs 145,000.00",MD Computers,https://mdcomputers.lk/product/hp-elitebook-640-g9-intel-core-i5-12th-gen-16gb-ram-256gb-nvme-ssd-used-laptop/,HP,Unknown,Used,16GB,512 NVME,"BRAND – HP MODEL – HP ELITEBOOK 640 G9 GENERATION – INTEL CORE I5 12TH GEN PROCESS RAM – DDR4 16GB SCREEN SIZE – 14-inch diagonal FHD (1920 x 1080), IPS SSD – 512GB NVME SSD OS – WINDOWS 11 PRO 03 MONTH HARDWARE  WARRANTY01 YEARS SERVICE WARRANTY"
DELL LATITUDE 5540 – CORE I5 13TH GEN – 8GB RAM – 256GB NVME SSD USED LAPTOP,"Rs 152,000.00",MD Computers,https://mdcomputers.lk/product/dell-latitude-5540-core-i5-13th-gen-8gb-ram-256gb-nvme-ssd-used-laptop/,Dell,Unknown,Used,8GB,256 NVME,⭕ GOOD CONDITION⭕ MODEL – DELL LATITUDE 5540⭕ BRAND – DELL⭕ PROCESSOR – INTEL CORE I5 13TH GEN⭕ MEMORY – DDR4 8GB RAM⭕ Display Type – 15 INCH ⭕ STORAGE – 256GB NVME SSD⭕ WIFI : AVAILABLE⭕ Windows 11 👉 03 MONTH HARDWARE WARRANTY👉 01 YEARS SERVICE WARRANTY
DELL LATITUDE 5440 – CORE I5 13TH GEN – 8GB RAM – 256GB NVME SSD REFUBLISH LAPTOP (WITH BOX),"Rs 155,000.00",MD Computers,https://mdcomputers.lk/product/dell-latitude-5440-core-i5-13th-gen-8gb-ram-256gb-nvme-ssd-refublish-laptop-with-box/,Dell,Unknown,Used,8GB,256 NVME,⭕  REFBLISH⭕ MODEL – DELL LATITUDE 5440⭕ BRAND – DELL⭕ PROCESSOR – INTEL CORE I5 13TH GEN⭕ Memory – DDR4 8GB RAM⭕ STORAGE – 256GB SSD⭕ WEBCAM – 720P HD Webcam⭕ WIFI : AVAILABLE⭕ Windows 11 ⭕ WITH BOX👉 06 MONTH HARDWARE WARRANTY👉 01 YEARS SERVICE WARRANTY
DELL LATITUDE 5540 – CORE I5 13TH GEN – 8GB RAM – 256GB NVME SSD REPUBLISHED LAPTOP ( WITH BOX ),"Rs 167,000.00",MD Computers,https://mdcomputers.lk/product/dell-latitude-5540-core-i5-13th-gen-8gb-ram-256gb-nvme-ssd-republished-laptop-with-box/,Dell,Unknown,Used,8GB,256 NVME,⭕ GOOD CONDITION⭕ MODEL – DELL LATITUDE 5540⭕ BRAND – DELL⭕ PROCESSOR – INTEL CORE I5 13TH GEN⭕ MEMORY – DDR4 8GB RAM⭕ Display Type – 15 INCH ⭕ STORAGE – 256GB NVME SSD⭕ WIFI : AVAILABLE⭕ Windows 11 👉 06 MONTH HARDWARE WARRANTY👉 01 YEARS SERVICE WARRANTY
ASUS ROG STRIX G15 – G512 – INTEL CORE I7 10TH GEN – DDR4 8GB RAM – 256GB NVME SSD – GTX 1650TI 4GB VGA USED LAPTOP,"Rs 225,000.00",MD Computers,https://mdcomputers.lk/product/asus-rog-strix-g512-intel-core-i7-10th-gen-ddr4-8gb-ram-256gb-nvme-ssd-gtx-1650ti-4gb-vga-used-laptop/,ASUS,Unknown,Used,8GB,256 NVME,BRAND NEW CONDITION BRAND – ASUS MODEL – ASUS ROG STRIX – G512 PROCESSOR – INTEL CORE I7 10TH GEN (I7-10750H CPU @2.60GHz ) MEMORY – DDR4 8GB RAM STORAGE – 256GB NVME SSD DISPLAY  – 15.6 ″ INCH 144HZ IPS LEVEL DISPLAY⭕GRHAPIC – NVIDIA GEFORCE  GTX 1650TI 4GB VGA CARD 03 MONTH HARDWARE WARRANTY 01 YEARS SERVICE WARRANTYCONTAC US MORE DETAILSLOCATION : Opposite Of NSB Bank Homagama
DELL LATITUDE E7470 – INTEL CORE I5 6TH GEN / 8GB RAM / 256GB SSD USED LAPTOP,"Rs 59,000.00",MD Computers,https://mdcomputers.lk/product/dell-core-i5-6th-geneartion-e7470-8gb-ram-256gb-ssd-laptop/,Dell,Unknown,Used,8GB,256 SSD,GOOD CONDITION MODEL – DELL LATITUDE E7470 BRAND – DELL PROCESSOR – INTEL CORE I5 6TH GEN Memory – DDR4 8GB RAM Display Type – 14-INCH HD STORAGE – 256GB SSD WEBCAM – 720P HD Webcam WIFI – AVAILABLE 03 MONTH HARDWARE WARRANTY 01 YEARS SERVICE WARRANTY
LENOVO T470 – CORE I5 6TH GEN / 8GB RAM / 256GB NVME SSD / USED LAPTOPS,"Rs 59,000.00",MD Computers,https://mdcomputers.lk/product/lenovo-t470-core-i5-7th-gen-8gb-ram-256gb-nvme-ssd-laptops-2/,LENOVO,Unknown,Used,8GB,256 NVME,⭕ GOOD CONDITION⭕ GENERATION – I5 6TH GENERATION⭕ BRAND – LENOVO⭕ MODEL – T470⭕ RAM / MEMORY – 8GB⭕ HARD DISK – 256GB NVME⭕ HD Web Cam⭕ USB 3.0⭕ Network⭕ 3.5mm Jack⭕ CAMERA : HD WEB CAM⭕ BLUETOOTH : AVAILABLE👉 03 MONTH HARDWARE WARRANTY👉 01 YEARS SERVICE WARRANTY
DELL LATITUDE 5300 – CORE I5 8TH GEN 8GB RAM 256GB NVME SSD  USED LAPTOP,"Rs 65,000.00",MD Computers,https://mdcomputers.lk/product/dell-latitude-5300-core-i5-8th-gen-8gb-ram-256gb-nvme-ssd-2-in-1-used-laptop/,Dell,Unknown,Used,8GB,256 NVME,"DISPLAY: 13.3″ FHD (1920 x 1080) Anti-Glare Touch ScreenPROCESSOR: Intel® Core™ 8th Gen i5-8365U Processor 6M Cache, up to 4.10 GHzSTORAGE: 256GB m.2 PCIe NVMe Class 35 Solid State DriveMEMORY: 8GB (1x8GB) DDR4 Non-ECCGRAPHICS: Intel UHD Graphics 620CAMERA: Webcam 0.9 MP, 16:9 (1280 x 720)KEYBAORD: US BackLit KeyboardOPERATING SYSTEM: Windows 11 Pro (64bit) English 👉 03 MONTH HARDWARE WARRANTY👉 01 YEARS SERVICE WARRANTY"
HP PROBOOK 640 G5 INTEL CORE I5 8TH GEN 8GB RAM 256GB NVME USED LAPTOP,"Rs 65,000.00",MD Computers,https://mdcomputers.lk/product/hp-probook-640-g5-intel-core-i5-8th-gen-8gb-ram-256gb-nvme-used-laptop/,HP,Unknown,Used,8GB,256 NVME,"⭕ GOOD CONDITION⭕ MODEL – HP PROBOOK 640 G5⭕ BRAND – HP⭕ PROCESSOR – INTEL CORE I5 8TH GEN⭕ Memory – DDR4 8GB RAM⭕ Display Type – 14 INCH FHD (1920 x 1080) LED Display , Often With  IPS TECHNOLOGY⭕ STORAGE – 256GB M.2 SSD⭕ GRAPHICS – Integrated Intel UHD Graphics ⭕ WEBCAM ; 720P HD Webcam⭕ WIFI : AVAILABLE👉 03 MONTH HARDWARE WARRANTY👉 01 YEARS SERVICE WARRANTY"
DELL LATITUDE 5400 -CORE I5 8TH GEN 8GB RAM 256GB NVME SSD USED LAPTOP ( TOUCHPAD NOT WORKING ),"Rs 69,000.00",MD Computers,https://mdcomputers.lk/product/dell-latitude-5400-core-i7-8th-gen-8gb-ram-256gb-nvme-ssd-laptop/,Dell,Unknown,Used,8GB,256 NVME,⭕ TOUCHPAD SOMETIME NOT WORKING⭕ WITH FREE BRAND NEW MOUSE⭕ Dell Latitude -Core i5 8TH Gen +8GB RAM -256GB NVME SSD / Laptop⭕ Dell Latitude 5400⭕CORE I5 8TH GEN PROCESSOR ( I7 -8665U CPU )⭕Memory : DDR4 8GB RAM CARD⭕ Display Type : Screen 14 INCH FULLHD SCREEN DISPLAY⭕ HARD DISK- 256GB M.2 SSD⭕ BACKLIT KEYBOARD⭕ Camera ; HD Webcam⭕ WIFI : AVAILABLE👉 03 MONTH HARDWARE WARRANTY👉 01 YEARS SERVICE WARRANTY👉📞CALL MORE DETAILS
HP ELITEBOK 840 G6 CORE I5 8TH GEN 8GB RAM -256GB NVME SSD  LAPTOP ( White Pach ),"Rs 70,000.00",MD Computers,https://mdcomputers.lk/product/hp-elitebok-840-g6-g6-core-i5-8th-gen-8gb-ram-256gb-nvme-ssd-laptop/,HP,Unknown,Used,8GB,256 NVME,⭕ WHITE PATCH⭕ BRAND – HP⭕ MODEL – ELITEBOOK 840 G5/6⭕ GENERATION – I5 8TH GEN⭕ RAM – DDR4 8GB⭕14 INCH⭕ SSD – 256GB M.2 SSD⭕ Inbuilt Microphone Yes⭕ Webcam Yes⭕ Audio Solution HD Audio Solution⭕ Speakers Two Integrated Stereo Speakers👉03 MONTH HARDWARE  WARRANTY👉01 YEARS SERVICE WARRANTY
LENOVO T480 | CORE I5 8TH GEN +8GB RAM -256GB NVME SSD |LAPTOPS,"Rs 75,000.00",MD Computers,https://mdcomputers.lk/product/lenovo-t480i5-8th-gen-16gb-ram-512gb-ssd-laptops-2/,LENOVO,Unknown,Used,8GB,256 NVME,⭕GENERATION – CORE I5 8TH GENERATION⭕ BRAND – LENOVO⭕ MODEL – T480⭕ RAM / MEMORY – 8GB RAM⭕ HARD DISK – 256GB NVME⭕ HD Web Cam⭕ USB 3.0⭕ CAMERA : HD WEB CAM⭕ 3.5mm Jack⭕ SCREEN SIZE – 14 INCH FHD DISPLAY⭕ WINDOWS 10 & 11👉 03 MONTH HARDWARE WARRANTY👉 01 YEARS SERVICE WARRANTY
DELL LATITUDE 5491 – CORE I5 8TH GEN / 8GB RAM / 256GB NVME SSD USED LAPTOP,"Rs 78,000.00",MD Computers,https://mdcomputers.lk/product/dell-latitude-5480-core-i5-7th-gen-8gb-ram-256gb-nvme-ssd-used-laptop/,Dell,Unknown,Used,8GB,256 NVME,⭕ GOOD CONDITION⭕ Dell Latitude CORE I5 8TH GEN⭕ Dell Latitude 5491⭕ Memory : DDR4 8GB RAM⭕ Display Type : Screen 14 INCH FULLHD SCREEN⭕ HARD DISK- 256GB M.2 SSD⭕ Camera ; HD Webcam⭕ WIFI : AVAILABLE👉 03 MONTH HARDWARE WARRANTY👉 01 YEARS SERVICE WARRANTY
LENOVO L14 – CORE I5 10TH GEN 8GB RAM / 256 NVME SSD USED LAPTOP,"Rs 84,990.00",MD Computers,https://mdcomputers.lk/product/lenovo-l14-core-i5-10th-gen-8gb-ram-256-nvme-ssd-used-laptop/,LENOVO,Unknown,Used,8GB,256 NVME,⭕️GOOD CONDITION⭕️LENOVO 14 – I5 10TH GEN+ 8 GB RAM/ 256GB NVME SSD LAPTOP⭕️BRAND – LENOVO⭕️RAM – 8GB RAM CARD⭕️SSD – 256 GB NVME SSD⭕️WINDOWS 11⭕️SCREEN SIZE – 14 INCH FULL HD DISPLAY03 MONTH HARDWARE WARRANTY01 YEARS SERVICE WARRANTY
LENOVO THINKPAD X1 CARBON – CORE I5 8TH / 8GB Ram / 256GB NVME SSD USED LAPTOP,"Rs 88,500.00",MD Computers,https://mdcomputers.lk/product/thinkpad-x1-carbon-i5-8th-8gb-ram-256gb-nvme-ssd-laptops/,LENOVO,Unknown,Used,8GB,256 NVME,⭕ GOOD CONDITION ⭕ GENERATION – CORE I5 8TH GENERATION ⭕ PROCESSOR – CORE I5 8TH GEN ⭕ BRAND – LENOVO ⭕ MODEL – LENOVO THINKPAD X1 CARBON ⭕ RAM / MEMORY – 8GB RAM ⭕ HARD DISK – 256GB NVME SSD ⭕ HD Web Cam ⭕ USB 3.0 ⭕ CAMERA : HD WEB CAM ⭕ 3.5mm Jack ⭕ SCREEN SIZE – 14 INCH FULLHD DISPLAY ⭕ BACKLIT KEYBOARD ⭕ WINDOWS 10 & 11 👉 03 MONTH HARDWARE WARRANTY 👉 01 YEARS SERVICE WARRANTY
HP PROBOOK 450 G6 -CORE I5 8TH GEN -8GB RAM- 256GB NVME SSD -LAPTOP,"Rs 89,000.00",MD Computers,https://mdcomputers.lk/product/hp-probook-450-g6-i5-8th-gen-16gb-ram-256gb-nvme-ssd-laptop/,HP,Unknown,Used,8GB,256 NVME,⭕ GOOD CONDITION⭕ BRAND – HP⭕ MODEL -HP PROBOOK 450 G6⭕ GENERATION – I5 8TH GEN⭕ RAM – 8GB⭕ SSD – 256GB NVME SSD⭕ SCREEN – 15.6 INCH FULLHD DISPLAY⭕ Inbuilt Microphone Yes⭕ Webcam Yes⭕ Audio Solution HD Audio Solution⭕ Speakers Two Integrated Stereo Speakers 03 MONTH HARDWARE WARRANTY01 YEARS SERVICE WARRANTY
DELL LATITUDE 5410 – INTEL CORE I5 10TH GEN / 8GB RAM / 256GB NVME SSD USED LAPTOP ( 03 month warranty ),"Rs 89,000.00",MD Computers,https://mdcomputers.lk/product/dell-latitude-5410-core-i5-10th-gen-8gb-ram-256gb-nvme-ssd-laptop/,Dell,Unknown,Used,8GB,256 NVME,⭕ GOOD CONDITION⭕ Dell Latitude CORE I5 10TH GEN (I5 – 10310U ) LAPTOP⭕ Dell Latitude 5410⭕ Memory : DDR4 8GB RAM⭕ Display Type : Screen 14 INCH FULLHD⭕ HARD DISK- 256GB NVME SSD⭕ Camera ; HD Webcam⭕ WIFI : AVAILABLE⭕ WINDOWS 10 & 1103 MONTH HARDWARE WARRANTY01 YEARS SERVICE WARRANTY
LENOVO THINKPAD X13 I5 10TH GEN 16GB RAM 256GB NVME SSD 13.3INCH FULLHD TOUCH DISPLAY,"Rs 89,000.00",MD Computers,https://mdcomputers.lk/product/lenovo-thinkpad-x13-i5-10th-gen-16gb-ram-256gb-nvme-ssd-13-3inch-fullhd-touch-display/,LENOVO,Unknown,Used,16GB,256 NVME,⭕ GOOD CONDITION⭕ BRAND – LENOVO⭕ MODEL – LENOVO THINKPAD X13⭕ GENERATION – I5 10TH GEN⭕ RAM – DDR4 16GB⭕13.3 INCH FULL HD DISPLAY⭕ SSD – 256GB NVME SSD⭕ INBUILT MICROPHONE YES⭕ WEBCAM YES⭕ TOUCH DISPLAY  👉03 MONTH HARDWARE COMPLETE WARRANTY👉01 YEARS SERVICE WARRANTY
HP ELITEBOOK 845 G7 – RYZEN 5 PRO 4650U – 16GB RAM – 256GB SSD USED LAPTOP,"Rs 90,000.00",MD Computers,https://mdcomputers.lk/product/hp-elitebook-845-g7-ryzen-5-pro-4650u-16gb-ram-256gb-ssd-used-laptop/,HP,Unknown,Used,16GB,256 SSD,"GOOD CONDITION BRAND – HP MODEL – HP ELITEBOOK 845 G7 PROCESSOR – RYZEN 5 PRO 4650U P MEMORY – 16GB RAM DISPLAY – 14-INCH, FHD (1920 x 1080), IPS, anti-glare SSD – 256GB NVME M.2 SSD Graphics- Integrated AMD Radeon™ Vega Graphics Webcam – HD webcam Keyboard – Backlit Ports – 1x USB Type-A, 1x USB Type-C, HDMI 2.0, 3.5mm combo jack Windows 10 Pro (or Windows 11 Pro, depending on model/resale) 03 MONTH HARDWARE WARRANTY01 YEARS SERVICE WARRANTY"
LENOVO X1 YOGA INTEL CORE I5 8TH GEN / 8GB RAM /256GB NVME USED 360 LAPTOP,"Rs 90,000.00",MD Computers,https://mdcomputers.lk/product/lenovo-x1-yoga-intel-core-i5-8th-gen-8gb-ram-256gb-nvme-used-360-laptop/,LENOVO,Unknown,Used,8GB,256 NVME,"⭕ GOOD CONDITION / LENOVO X1 YOGA – i5 8TH GEN +16GB RAM /256GB NVME – 360 LAPTOP⭕ INTEL CORE I5 8TH GEN PROCESSOR⭕ MODEL – LENOVO X1 YOGA GEN 4⭕ RAM / MEMORY – 8GB RAM CARD⭕ HARD DISK – 256GB NVME SSD CARD⭕ GRAPHICS – INTEL HD GRAPHICS⭕ SCREEN -14.0″ FHD (1920 x 1080) IPS, 360 DISPLAY⭕ 720p HD Web Camera⭕ backlight Keyboard⭕ 3.5mm Jack 👉03 MONTH HARDWARE WARRANTY👉 01 YEARS SERVICE WARRANTY"
LENOVO T495s RYZEN 7 PRO 3700U – 16GB RAM – 256GB SSD – USED LAPTOP,"Rs 95,000.00",MD Computers,https://mdcomputers.lk/product/lenovo-t495s-ryzen-7-pro-3700u-16gb-ram-256gb-ssd-used-laptop/,LENOVO,Unknown,Used,16GB,256 SSD,⭕ GOOD CONDITION⭕ GENERATION – RYZEN 7 PRO 3700U⭕ BRAND – LENOVO⭕ MODEL – T495s⭕ MEMORY – 16GB⭕ STORAGE – 256GB SSD⭕ HD Web Cam⭕ USB 3.0⭕ Network⭕ 3.5mm Jack⭕ CAMERA : HD WEB CAM⭕ BLUETOOTH : AVAILABLE 👉 03 MONTH HARDWARE WARRANTY👉 01 YEARS SERVICE WARRANTY
LENOVO X1 YOGA INTEL CORE I5 8TH GEN / 16GB RAM /256GB NVME USED 360 LAPTOP,"Rs 95,000.00",MD Computers,https://mdcomputers.lk/product/lenovo-x1-yoga-intel-core-i5-8th-gen-16gb-ram-256gb-nvme-used-360-laptop/,LENOVO,Unknown,Used,16GB,256 NVME,"⭕ GOOD CONDITION / LENOVO X1 YOGA – i5 8TH GEN +16GB RAM /256GB NVME – 360 LAPTOP⭕ INTEL CORE I5 8TH GEN PROCESSOR⭕ MODEL – LENOVO X1 YOGA GEN 4⭕ RAM / MEMORY – 16GB RAM CARD⭕ HARD DISK – 256GB NVME SSD CARD⭕ GRAPHICS – INTEL HD GRAPHICS⭕ SCREEN -14.0″ FHD (1920 x 1080) IPS, 360 DISPLAY⭕ 720p HD Web Camera⭕ backlight Keyboard⭕ 3.5mm Jack 👉03 MONTH HARDWARE WARRANTY👉 01 YEARS SERVICE WARRANTY"
DELL LATITUDE 3540 CORE I7 8TH GEN 8GB RAM 256GB SSD USED LAPTOP,"Rs 95,000.00",MD Computers,https://mdcomputers.lk/product/dell-latitude-3540-core-i7-8th-gen-8gb-ram-256gb-ssd-used-laptop/,Dell,Unknown,Used,8GB,256 SSD,⭕ GOOD CONDITION⭕ DELL LATITUDE 3540⭕ PROCESSOR – CORE I7 8TH GEN⭕ Memory : DDR4 8GB RAM⭕ Display Type : Screen 15.6 INCH FULLHD SCREEN⭕ HARD DISK- 256GB NVME SSD⭕ Camera ; HD Webcam⭕ WIFI : AVAILABLE⭕ WINDOWS 10 & 11 👉 03 MONTH HARDWARE WARRANTY👉 01 YEARS SERVICE WARRANTY
DELL LATITUDE 5320 INTEL CORE I5 11TH GEN 8GB RAM 256GB NVME SSD USED LAPTOP,"Rs 95,000.00",MD Computers,https://mdcomputers.lk/product/dell-latitude-5320-intel-core-i5-11th-gen-8gb-ram-256gb-nvme-ssd-used-2-in-1-laptop/,Dell,Unknown,Used,8GB,256 NVME,"BRAND – DELL MODEL – DELL LATITUDE 5320GENERATION – CORE I5 11TH GENERATION MEMORY – 8GB RAM STORAGE – 256GB NVME SCREEN SIZE – 13.3-inch FHD (1920×1080) IPS, non-touch or touch, 250-300 nits WIRELESS – Wi-Fi 6 (802.11ax) + Bluetooth 5.1/5.2. CAMERA : HD WEB CAM WINDOWS 10 & 11  03 MONTH HARDWARE WARRANTY 01 YEARS SERVICE WARRANTY"
DELL LATITUDE 5511 – CORE I5 10TH GEN / 8GB RAM / 256GB NVME SSD USED LAPTOP,"Rs 96,000.00",MD Computers,https://mdcomputers.lk/product/dell-latitude-5510-core-i5-10th-gen-16gb-ram-256gb-nvme-ssd-used-laptop/,Dell,Unknown,Used,8GB,256 NVME,⭕ GOOD CONDITION⭕ GENERATION – INTEL CORE I5 10TH (10400H) GENERATION PROCESSOR⭕ BRAND – DELL⭕ MODEL – DELL LATITUDE 5511⭕  RAM / MEMORY – DDR4 8GB RAM⭕ HARD DISK – 256GB  SSD⭕ SCREEN – 15.6 INCH FULLHD  DISPLAY⭕ CAMERA : HD WEB CAM⭕ BLUETOOTH : AVAILABLE👍 03 MONTH HARDWARE WARRANTY👍  01 YEAR SERVICE WARRANTY
HP ELITEBOOK 840 G7 CORE I7 10TH GEN / 8GB RAM / 256GB NVME SSD USED LAPTOP,"Rs 98,000.00",MD Computers,https://mdcomputers.lk/product/hp-elitebook-845-g7-amd-ryzen-5-16-gb-ram-512-nvme-ssd-used-laptop/,HP,Unknown,Used,8GB,256 NVME,⭕ GOOD CONDITION⭕ BRAND – HP⭕ MODEL – HP ELITEBOOK 840 G7⭕ PROCESSOR – CORE I7 10TH GEN⭕ MEMORY – 8GB RAM⭕ SSD – 256GB NVME SSD👉03 MONTH HARDWARE WARRANTY👉01 YEARS SERVICE WARRANTY
DELL LATITUDE 5410 CORE I7 10TH GEN / 8GB RAM / 256GB NVME SSD USED LAPTOP,"Rs 98,000.00",MD Computers,https://mdcomputers.lk/product/dell-latitude-5410-core-i7-10th-gen-8gb-ram-256gb-nvme-ssd-used-laptop/,Dell,Unknown,Used,8GB,256 NVME,GOOD CONDITION DELL LATITUDE CORE I7 10TH GEN DELL LATITUDE 5410 MEMORY : DDR4 8GB RAM DISPLY TYPE : Screen 14 INCH FULLHD SCREEN HARD DISK- 256GB NVME SSD Camera ; HD Webcam WIFI : AVAILABLE WINDOWS 10 & 1103 MONTH HARDWARE WARRANTY01 YEARS SERVICE WARRANTY
LENOVO T14S – CORE I5 11TH GEN – 8GB RAM – 256GB NVME SSD – USED LAPTOP,"Rs 99,000.00",MD Computers,https://mdcomputers.lk/product/lenovo-t14s-core-i5-11th-gen-8gb-ram-256gb-nvme-ssd-used-laptop/,LENOVO,Unknown,Used,8GB,256 NVME,"⭕ GOOD CONDITION / LENOVO T14S – CORE I5 11TH GEN +8GB RAM -256GB NVME SSD -LAPTOP⭕ INTEL CORE I5 11TH GEN ( I5 -1135G7 @ 2.40 GHz PROCESSOR⭕ MODEL – Lenovo T14S⭕ RAM / MEMORY – 8GB RAM CARD⭕ HARD DISK – 256GB NVME SSD CARD⭕ GRAPHICS – INTEL IRIS XE GRAPHICS⭕ SCREEN -14.0″ FHD (1920 x 1080) IPS, anti-glare, DISPLAY⭕ 720p HD Web Camera⭕ LED backlight Keyboard⭕ 3.5mm Jack 👉  03 MONTH HARDWARE WARRANTY👉 01 YEARS SERVICE WARRANTY"
HP PROBOOK 440 G8 – INTEL CORE I5 11GEN 8GB RAM 256GB NVME SSD USED LAPTOP,"Rs 99,000.00",MD Computers,https://mdcomputers.lk/product/hp-probook-440-g8-intel-core-i5-11gen-8gb-ram-256gb-nvme-ssd-used-laptop/,HP,Unknown,Used,8GB,256 NVME,BRAND NEW CONDITION GENERATION – CORE I5 11TH GENERATION BRAND – HP MODEL – PROBOOK 440 G8 MEMORY – 8GB RAM HARD DISK – 256GB NVME SSD HD Web Cam USB 3.0 CAMERA : HD WEB CAM SCREEN SIZE – 14 INCH FULLHD (1920×1080) DISPLAY WINDOWS 10 & 11 03 MONTH HARDWARE WARRANTY 01 YEARS SERVICE WARRANTY
LENOVO T14 – CORE I5 10TH GEN – DDR4 16GB RAM – 256GB NVME SSD USED LAPTOP,"Rs 99,800.00",MD Computers,https://mdcomputers.lk/product/lenovo-t14-i5-10th-gen-8gb-ram-256gb-nvme-ssd-laptop/,LENOVO,Unknown,Used,16GB,256 NVME,⭕ GOOD CONDITION ⭕ GENERATION – INTEL CORE I5 10TH GENERATION PROCESSOR ( I5 -10310U CPU @ 1.70 – 2.21 GHz ) ⭕ BRAND – LENOVO ⭕ MODEL – LENOVO T14 ⭕ RAM / MEMORY – DDR4 16GB RAM CARD ⭕ HARD DISK – 256GB NVME SSD ⭕ SCREEN – 14 INCH FULLHD  DISPLAY ⭕ HD Web Cam ⭕ USB 3.0 ⭕ Network ⭕ 3.5mm Jack ⭕ CAMERA : HD WEB CAM ⭕ BLUETOOTH : AVAILABLE 03 MONTH HARDWARE WARRANTY
LENOVO T495s RYZEN 7 PRO 3700U – 16GB RAM – 512GB SSD – USED LAPTOP,"Rs 102,000.00",MD Computers,https://mdcomputers.lk/product/lenovo-t495s-ryzen-7-pro-3700u-8gb-ram-256gb-ssd-used-laptop/,LENOVO,Unknown,Used,16GB,512 SSD,⭕ GOOD CONDITION⭕ GENERATION – RYZEN 7 PRO 3700U⭕ BRAND – LENOVO⭕ MODEL – T495s⭕ MEMORY – 16GB⭕ STORAGE – 512GB SSD⭕ HD Web Cam⭕ USB 3.0⭕ Network⭕ 3.5mm Jack⭕ CAMERA : HD WEB CAM⭕ BLUETOOTH : AVAILABLE 👉 03 MONTH HARDWARE WARRANTY👉 01 YEARS SERVICE WARRANTY
DELL LATITUDE 5510 – I7 10TH GEN / 16GB RAM / 256GB NVME SSD USED LAPTOP,"Rs 105,000.00",MD Computers,https://mdcomputers.lk/product/dell-latitude-5510-i7-10th-gen-16gb-ram-256gb-nvme-ssd-used-laptop/,Dell,Unknown,Used,16GB,256 NVME,⭕ GOOD CONDITION⭕ GENERATION – INTEL CORE I7 10TH GENERATION PROCESSOR⭕ BRAND – DELL⭕ MODEL – DELL LATITUDE 5510⭕  RAM / MEMORY – DDR4 16GB RAM⭕ HARD DISK – 256GB  SSD⭕ SCREEN – 15.6 INCH FULLHD  DISPLAY⭕ CAMERA : HD WEB CAM⭕ BLUETOOTH : AVAILABLE👍 03 MONTH HARDWARE WARRANTY👍  01 YEAR SERVICE WARRANTY
HP PROBOOK 650 G8 – CORE I5 11TH GEN / 8GB RAM / 256GB NVME SSD USED LAPTOP,"Rs 105,000.00",MD Computers,https://mdcomputers.lk/product/hp-probook-650-g8-core-i5-11th-gen-8gb-ram-256gb-nvme-ssd-used-laptop/,HP,Unknown,Used,8GB,256 NVME,⭕ GOOD CONDITION⭕ GENERATION – INTEL CORE I5 11TH GENERATION PROCESSOR⭕ BRAND – HP⭕ MODEL – HP PROBOOK 650 G8⭕  RAM / MEMORY – DDR4 8GB RAM⭕ HARD DISK – 256GB M.2 NVME SSD⭕ SCREEN – 15.6 INCH FULLHD  DISPLAY⭕ HD Web Cam⭕ USB 3.0⭕ Network⭕ BLUETOOTH : AVAILABLE ✔ 03 MONTH HARDWARE WARRANTY✔ 01 YEARS SERVICE WARRANTY
HP PROBOOK 640 G8 CORE I5 11TH GEN 8GB RAM 256GB NVME SSD USED LAPTOP,"Rs 107,000.00",MD Computers,https://mdcomputers.lk/product/hp-probook-640-g8-i5-11th-gen-8gb-ram-256gb-nvme-ssd-laptop/,HP,Unknown,Used,8GB,256 NVME,⭕ GOOD CONDITION⭕ BRAND – HP⭕ MODEL -HP PROBOOK 640 G8⭕ GENERATION – I5 11TH GEN⭕ RAM – DDR4 8GB⭕ SSD – 256GB NVME SSD⭕ SCREEN – 14 INCH DISPLAY👉03 MONTH COMPLETE HARDWARE WARRANTY👉01 YEARS SERVICE WARRANTY
LENOVO X390 CORE I7 8TH GEN / 16GB RAM / 256GB NVME SSD USED LAPTOP,"Rs 107,000.00",MD Computers,https://mdcomputers.lk/product/lenovo-x390-core-i7-8th-gen-8gb-ram-256gb-nvme-ssd-used-laptop/,LENOVO,Unknown,Used,16GB,256 NVME,⭕️ GOOD CONDITION⭕️ BRAND – LENOVO⭕️ LENOVO X390 CORE⭕️  PROCESSOR I7 8TH GEN⭕️ RAM – DDR4 16GB RAM⭕️ SSD – 256GB NVME SSD⭕️ WINDOWS 11⭕️ SCREEN SIZE – 14 INCHE FULL HD DISPLAY03 MONTH HARDWARE WARRANTY01 YEARS SERVICE WARRANTY
LENOVO THINKPAD E14 – CORE I5 11TH GEN / 16GB RAM / 512GB NVME SSD USED LAPTOP,"Rs 107,000.00",MD Computers,https://mdcomputers.lk/product/lenovo-thinkpad-e14-core-i5-11th-gen-16gb-ram-256gb-nvme-ssd-used-laptop-2/,LENOVO,Unknown,Used,16GB,512 NVME,⭕ GOOD CONDITION⭕ GENERATION – INTEL CORE I5 11TH GENERATION PROCESSOR⭕ BRAND – LENOVO⭕ MODEL – LENOVO E14⭕ RAM / MEMORY –  16GB RAM⭕ HARD DISK – 512GB NVME SSD⭕ SCREEN – 14 INCH FULLHD  DISPLAY⭕ HD Web Cam⭕ USB 3.0⭕ Network⭕ 3.5mm Jack⭕ CAMERA : HD WEB CAM⭕ BLUETOOTH : AVAILABLE ✔ 03 MONTH HARDWARE WARRANTY✔ 01 YEARS SERVICE WARRANTY
HP ELITEBOOK X360 830 G7 – CORE I5 10TH GEN 16GB RAM 256GB NVME USED LAPTOP,"Rs 109,000.00",MD Computers,https://mdcomputers.lk/product/hp-elitebook-x360-830-g7-core-i5-10th-gen-16gb-ram-256gb-nvme-used-laptop/,HP,Unknown,Used,16GB,256 NVME,⭕ GOOD CONDITION⭕ BRAND – HP⭕ MODEL – HP ELITEBOOK X360 830 G7⭕ GENERATION – I5 10TH GEN PROCESSOR ( I5 – 10210U CPU @ 1.6 – 2.11 GHz )⭕ RAM – DDR4 16GB RAM CARD⭕ SSD – 256GB NVME SSD⭕ SCREEN – 13 INCH FULLHD DISPLAY⭕ Inbuilt Microphone Yes⭕ Webcam Yes⭕ Audio Solution – HD Audio Solution⭕ Speakers Two Integrated Stereo Speakers⭕ 03 MONTH HARDWARE WARRANTY⭕ 01 YEARS SERVICE WARRANTY
DELL LATITUDE 5420 – CORE I7 11TH GEN / 8GB RAM / 256GB SSD USED LAPTOP,"Rs 109,000.00",MD Computers,https://mdcomputers.lk/product/dell-latitude-5420-core-i7-11th-gen-8gb-ram-256gb-ssd-used-laptop/,Dell,Unknown,Used,8GB,256 SSD,⭕ GOOD CONDITION⭕ GENERATION – INTEL CORE I7 11TH GENERATION PROCESSOR⭕ BRAND – DELL⭕ MODEL – DELL LATITUDE 5420⭕  RAM / MEMORY – DDR4 8GB RAM⭕ HARD DISK – 256GB NVME SSD⭕ SCREEN – 14 INCH⭕ CAMERA : HD WEB CAM⭕ BLUETOOTH : AVAILABLE✔ 03 MONTH HARDWARE WARRANTY✔ 01 YEARS SERVICE WARRANTY
DELL LATITUDE 5520 – CORE I5 11TH GEN / 8GB RAM / 256GB NVME SSD USED LAPTOP,"Rs 110,000.00",MD Computers,https://mdcomputers.lk/product/dell-latitude-5520-intel-core-i5-11th-gen-16gb-ram-256gb-ssd/,Dell,Unknown,Used,8GB,256 NVME,⭕ GOOD CONDITION⭕ DELL LATITUDE  5520⭕ CORE I5 11TH GEN PROCESSOR⭕ DDR4 8GB RAM CARD⭕ DISPLAY TYPE -SCREEN 15.6 INCH FULLHD DISPLAY⭕ HARD DISK- 256GB  SSD⭕ CAMERA – HD WEBCAM⭕ WIFI : AVAILABLE👉 03 MONTH HARDWARE WARRANTY👉 01 YEARS SERVICE WARRANTY
LENOVO T14s CORE I7 10TH GEN – 16GB RAM – 256GB NVME SSD USED LAPTOP,"Rs 110,000.00",MD Computers,https://mdcomputers.lk/product/lenovo-t14s-core-i7-10th-gen-16gb-ram-256gb-nvme-ssd-used-laptop/,LENOVO,Unknown,Used,16GB,256 NVME,⭕ GOOD CONDITION⭕ GENERATION – INTEL CORE I7 10TH GENERATION PROCESSOR⭕ BRAND – LENOVO⭕ MODEL – LENOVO T14s⭕ RAM / MEMORY – DDR4 16GB RAM⭕ HARD DISK – 256GB NVME SSD⭕ SCREEN – 14 INCH FULLHD  DISPLAY⭕ HD Web Cam⭕ USB 3.0⭕ Network⭕ 3.5mm Jack⭕ CAMERA : HD WEB CAM⭕ BLUETOOTH : AVAILABLE ✔ 03 MONTH HARDWARE WARRANTY✔ 01 YEARS SERVICE WARRANTY
DELL LATITUDE 7420 – CORE I7 11TH GEN / 16GB RAM / 256GB SSD USED LAPTOP,"Rs 112,000.00",MD Computers,https://mdcomputers.lk/product/dell-latitude-7420-core-i7-11th-gen-16gb-ram-256gb-ssd-used-laptop/,Dell,Unknown,Used,16GB,256 SSD,⭕️ GOOD CONDITION⭕️ BRAND – DELL⭕️DELL LATITUDE  – 7420⭕️ RAM – 16GB RAM CARD⭕️ SSD – 256GB NVME SSD⭕️ WINDOWS 11⭕️ SCREEN SIZE – 14 INCH FULL HD DISPLAY👍 03 MONTH HARDWARE WARRANTY👍 01 YEARS SERVICE WARRANTY
HP ELITEBOOK X360 1040 G7 – INTEL CORE I5 10TH GEN / 16GB RAM / 256GB NVME SSD USED LAPTOP,"Rs 112,000.00",MD Computers,https://mdcomputers.lk/product/hp-elitebook-x360-1040-g7-intel-core-i5-10th-gen-8gb-ram-256gb-nvme-ssd-used-laptop/,HP,Unknown,Used,16GB,256 NVME,GENERATION – CORE I5 10TH GEN BRAND – HP ELITEBOOK MODEL – X360 1040 G7 MEMORY –16GB RAM HARD DISK – 256GB NVME HD Web Cam USB 3.0 SCREEN SIZE – 14 INCH FHD TOUCH SMART DISPLAY WINDOWS 10 & 11 03 MONTH HARDWARE WARRANTY 01 YEARS SERVICE WARRANT
DELL LATITUDE 7430 -INTEL CORE I5 12TH GEN 16GB RAM 256GB NVME SSD USED LAPTOP,"Rs 118,000.00",MD Computers,https://mdcomputers.lk/product/dell-latitude-7430-intel-core-i5-12th-gen-16gb-ram-256gb-nvme-ssd-used-laptop-2/,Dell,Unknown,Used,16GB,256 NVME,DELL LATITUDE 7430PROCESSOR – INTEL CORE I5 12TH GENMEMORY –  DDR4 16GB RAM DISPLAY TYPE – 14 INCH FULLHD DISPLAY STORAGE – 256GB SSD WIFI : AVAILABLE 03 MONTH HARDWARE WARRANTY 01 YEARS SERVICE WARRANTY
DELL LATITUDE 5520 – CORE I7 11TH GEN / 8GB RAM / 256GB NVME SSD USED LAPTOP,"Rs 120,000.00",MD Computers,https://mdcomputers.lk/product/dell-latitude-5520-core-i7-11th-gen-8gb-ram-256gb-nvme-ssd-used-laptop-2/,Dell,Unknown,Used,8GB,256 NVME,⭕ GOOD CONDITION⭕ DELL LATITUDE  5520⭕ CORE I7 11TH GEN PROCESSOR⭕ DDR4 8GB RAM CARD⭕ DISPLAY TYPE -SCREEN 15.6 INCH FULLHD DISPLAY⭕ HARD DISK- 256GB  SSD⭕ CAMERA – HD WEBCAM⭕ WIFI : AVAILABLE👉 03 MONTH HARDWARE WARRANTY👉 01 YEARS SERVICE WARRANTY
DELL LATITUDE 5531 CORE I5 12TH GEN 8GB RAM 512GB SSD USED LAPTOP,"Rs 125,000.00",MD Computers,https://mdcomputers.lk/product/dell-latitude-5531-core-i5-12th-gen-8gb-ram-512gb-ssd-used-laptop/,HP,Unknown,Used,8GB,512 SSD,⭕ GOOD CONDITION⭕ GENERATION – INTEL CORE I5 12TH GEN PROCESSOR⭕ BRAND – DELL⭕ MODEL – DELL LATITUDE 5531⭕  RAM / MEMORY – DDR4 8GB RAM⭕ STORAGE – 512GB SSD⭕ SCREEN – 15.6 INCH FULLHD  DISPLAY⭕ HD Web Cam⭕ USB 3.0⭕ Network⭕ 3.5mm Jack⭕ CAMERA : HD WEB CAM⭕ BLUETOOTH : AVAILABLE ✔ 03 MONTH HARDWARE WARRANTY✔ 01 YEARS SERVICE WARRANTY
HP ELITEBOOK 650 G9 INTEL CORE I5 12TH GEN 16GB RAM / 256GB SSD USED LAPTOP,"Rs 127,000.00",MD Computers,https://mdcomputers.lk/product/hp-elitebook-650-g9-intel-core-i5-12th-gen-16gb-ram-256gb-ssd-used-laptop/,HP,Unknown,Used,16GB,256 SSD,⭕ GOOD CONDITION LAPTOP⭕ BRAND – HP⭕ MODEL – HP ELITEBOOK 650 G9⭕ PROCESSOR – INTEL CORE I5 12TH GEN⭕ MEMORY – DDR4 168GB⭕ STORAGE – 256GB NVME SSD⭕ DISPLAY – 15.6-INCH FHD (1920 x 1080) ANTI-GLARE DISPLAY⭕ GRAPHICS :  INTEGRATED INTEL UHD OR INTEL INTEGRATED GRAPHICS⭕ ENGLISH KEYBOARD⭕ OS : WINDOWS 11 HOME 👉03 MONTH HARDWARE WARRANTY👉01 YEARS SERVICE WARRANTY
DELL INSPIRON 5590 -CORE I7 10TH GEN / 8GB RAM / 256GB NVME SSD / NVIDIA MX250 2GB VGA USED LAPTOP,"Rs 132,000.00",MD Computers,https://mdcomputers.lk/product/dell-inspiron-5590-core-i7-10th-gen-8gb-ram-256gb-nvme-ssd-used-laptop/,Dell,Unknown,Used,8GB,256 NVME,GOOD CONDITION DELL INSPIRON 5590 PROCESSOR – CORE I7 10TH GEN MEMORY : DDR4 8GB RAM DISPLAY TYPE  : SCREEN 15.6 INCH  STORAGE – 256GB NVME SSD GRAPHICS – NVIDIA MX250 2GB VGA CAMERA –  HD Webcam WIFI : AVAILABLE WINDOWS 10 & 1103 MONTH HARDWARE WARRANTY01 YEARS SERVICE WARRANTY
HP ELITEBOOK 850 G8 – CORE I7 11TH GEN – 8GB RAM – 256GB NVME SSD USED LAPTOP,"Rs 135,000.00",MD Computers,https://mdcomputers.lk/product/hp-elitebook-850-g8-core-i7-11th-gen-8gb-ra/,HP,Unknown,Used,8GB,256 NVME,⭕ GOOD CONDITION⭕ MODEL – HP ELITEBOOK 850 G8⭕ BRAND – HP⭕ PROCESSOR – INTEL CORE I7 11TH GEN⭕ MEMORY – DDR4 8GB RAM⭕ DISPLAY TYPE – 15 INCH ⭕ STORAGE – 256GB SSD⭕ Windows 11 👉 03 MONTH HARDWARE WARRANTY👉 01 YEARS SERVICE WARRANTYCONTAC US MORE DETAILSLOCATION : Opposite Of NSB Bank Homagama
LENOVO X1 YOGA – CORE I7 10TH GEN /16GB RAM /512GB NVME USED 360 LAPTOP,"Rs 139,990.00",MD Computers,https://mdcomputers.lk/product/lenovo-x1-yoga-core-i7-10th-gen-16gb-ram-512gb-nvme-used-360-laptop/,LENOVO,Unknown,Used,16GB,512 NVME,"⭕ GOOD CONDITION / LENOVO X1 YOGA – i7 10TH GEN +16GB RAM /512GB NVME – 360 LAPTOP⭕ INTEL CORE I7 10TH GEN PROCESSOR⭕ MODEL – LENOVO X1 YOGA GEN 5⭕ RAM / MEMORY – 16GB RAM CARD⭕ HARD DISK – 512GB NVME SSD CARD⭕ GRAPHICS – INTEL UHD GRAPHICS⭕ SCREEN -14.0″ FHD (1920 x 1080) IPS, 360 DISPLAY⭕ 720p HD Web Camera⭕ backlight Keyboard⭕ 3.5mm Jack👉 03 MONTH HARDWARE WARRANTY👉 01 YEARS SERVICE WARRANTY"
